,0,1,2,3
0,0,0.061075638979673386,-0.004580003255208334,0.8
1,0,0.060341447591781616,-0.004530539347330729,0.792
2,0,0.06072806939482689,-0.008776000264485677,0.78408
3,0,0.05987175181508064,-0.010803292897542317,0.7762392
4,0,0.06124744936823845,-0.011211153971354167,0.768476808
5,0,0.057879894971847534,-0.00815591044108073,0.76079203992
6,0,0.05809008702635765,-0.0104991064453125,0.7531841195208
7,0,0.05987996608018875,-0.011841912434895834,0.745652278325592
8,0,0.05507762357592583,-0.00797380126953125,0.7381957555423361
9,0,0.056201279163360596,-0.009979816080729167,0.7308137979869127
10,0,0.059462811797857285,-0.013189349975585936,0.7235056600070435
11,0,0.05845317989587784,-0.008186759236653645,0.7162706034069731
12,0,0.05805499479174614,-0.009036205774943034,0.7091078973729034
13,0,0.05741671845316887,-0.009752083740234374,0.7020168183991743
14,0,0.0617995522916317,-0.025381021219889326,0.6949966502151825
15,0,0.06099633127450943,-0.021152807617187498,0.6880466837130307
16,0,0.06250085681676865,-0.021500231119791668,0.6811662168759004
17,0,0.05822278931736946,-0.026364581298828127,0.6743545547071413
18,0,0.059115197509527206,-0.02775335713704427,0.6676110091600699
19,0,0.05332120880484581,-0.02661882985432943,0.6609348990684691
20,0,0.06497172266244888,-0.025483248697916665,0.6543255500777845
21,0,0.05519231781363487,-0.024914805501302085,0.6477822945770066
22,0,0.05617017671465874,-0.024419109700520834,0.6413044716312366
23,0,0.058839358389377594,-0.02607690755208333,0.6348914269149243
24,0,0.048676762729883194,-0.023469830729166665,0.628542512645775
25,0,0.05172974616289139,-0.02197388244628906,0.6222570875193172
26,0,0.05991925671696663,-0.0336638427734375,0.616034516644124
27,0,0.05345270037651062,-0.030330379231770833,0.6098741714776827
28,0,0.05637772008776665,-0.03634310546875,0.6037754297629059
29,0,0.052017103880643845,-0.03254640299479167,0.5977376754652768
30,0,0.05061432346701622,-0.032338061523437496,0.591760298710624
31,0,0.04882471635937691,-0.031338544921875,0.5858426957235178
32,0,0.05158933997154236,-0.03242542643229167,0.5799842687662826
33,0,0.053845908492803574,-0.03369818522135417,0.5741844260786197
34,0,0.054200250655412674,-0.03535592529296875,0.5684425818178336
35,0,0.05887894704937935,-0.036711162109375,0.5627581559996553
36,0,0.05577080324292183,-0.036760089518229164,0.5571305744396587
37,0,0.0574122853577137,-0.03277629557291667,0.5515592686952622
38,0,0.04986041411757469,-0.03297593017578125,0.5460436760083095
39,0,0.04749629646539688,-0.03321011881510416,0.5405832392482264
40,0,0.0552581325173378,-0.034470781250000006,0.5351774068557441
41,0,0.056289173662662506,-0.031088209635416662,0.5298256327871866
42,0,0.04599909856915474,-0.035227246093750005,0.5245273764593148
43,0,0.052337076514959335,-0.03263474609375,0.5192821026947216
44,0,0.055316705256700516,-0.031291764322916665,0.5140892816677745
45,0,0.051454540342092514,-0.03286269185384115,0.5089483888510967
46,0,0.05429434776306152,-0.03159909871419271,0.5038589049625858
47,0,0.05064266547560692,-0.033582965494791665,0.49882031591295994
48,0,0.05046866089105606,-0.03243895182291667,0.4938321127538303
49,0,0.04697499796748161,-0.029209485677083334,0.48889379162629204
50,0,0.05111638829112053,-0.031604287109375,0.4840048537100291
51,0,0.0468389093875885,-0.027332600911458334,0.4791648051729288
52,0,0.05232207849621773,-0.028363636678059894,0.47437315712119954
53,0,0.050700843334198,-0.02812421223958333,0.46962942554998754
54,0,0.04648085683584213,-0.02809894856770833,0.46493313129448766
55,0,0.0543607659637928,-0.029700898437500005,0.4602837999815428
56,0,0.05409262701869011,-0.029342718098958335,0.45568096198172736
57,0,0.04513202980160713,-0.029128349609374996,0.45112415236191006
58,0,0.04218127951025963,-0.02814375325520834,0.44661291083829097
59,0,0.049646180123090744,-0.026382853190104166,0.44214678172990807
60,0,0.039938487112522125,-0.025467190755208337,0.437725313912609
61,0,0.0488896481692791,-0.024639052734375,0.4333480607734829
62,0,0.04784906655550003,-0.03341948893229167,0.4290145801657481
63,0,0.04498937726020813,-0.030698326822916667,0.42472443436409063
64,0,0.047225065529346466,-0.03367865559895833,0.4204771900204497
65,0,0.04351062700152397,-0.02980798177083333,0.4162724181202452
66,0,0.04140925407409668,-0.027346344401041667,0.41210969393904273
67,0,0.038752105087041855,-0.02874119466145834,0.4079885969996523
68,0,0.03404785320162773,-0.028503831380208334,0.40390871102965575
69,0,0.04394955188035965,-0.027600345052083336,0.3998696239193592
70,0,0.043467022478580475,-0.028266321614583336,0.39587092768016563
71,0,0.05309293791651726,-0.027877786865234372,0.391912218403364
72,0,0.03593750298023224,-0.029395110677083332,0.38799309621933037
73,0,0.04308372735977173,-0.029024038085937506,0.38411316525713707
74,0,0.04490552097558975,-0.023871553141276043,0.3802720336045657
75,0,0.034977272152900696,-0.01934644856770833,0.37646931326852
76,0,0.03921988233923912,-0.019598071289062505,0.37270462013583483
77,0,0.04003859683871269,-0.01644826507568359,0.3689775739344765
78,0,0.04104877635836601,-0.01843788533528646,0.36528779819513174
79,0,0.04393871873617172,-0.0230305859375,0.36163492021318044
80,0,0.03829313442111015,-0.018495236002604165,0.3580185710110486
81,0,0.0457795225083828,-0.02054193359375,0.35443838530093813
82,0,0.039397891610860825,-0.021825846354166668,0.35089400144792876
83,0,0.038432322442531586,-0.016072194010416666,0.3473850614334495
84,0,0.03806155547499657,-0.015524111328125,0.343911210819115
85,0,0.037367161363363266,-0.019789189453124998,0.3404720987109239
86,0,0.03829475864768028,-0.029065732421875,0.3370673777238146
87,0,0.03251044079661369,-0.03298194010416666,0.33369670394657647
88,0,0.04298005253076553,-0.029392099609374996,0.3303597369071107
89,0,0.03499072790145874,-0.028633035481770836,0.3270561395380396
90,0,0.035258758813142776,-0.030038035481770833,0.3237855781426592
91,0,0.03939306363463402,-0.03145693359375,0.3205477223612326
92,0,0.0397140309214592,-0.029628631184895837,0.31734224513762027
93,0,0.041774217039346695,-0.029051997070312505,0.3141688226862441
94,0,0.03788340836763382,-0.03156641886393229,0.3110271344593816
95,0,0.03502155467867851,-0.028808927408854164,0.30791686311478783
96,0,0.035938844084739685,-0.029056245117187497,0.30483769448363995
97,0,0.04075257107615471,-0.029410556640625002,0.30178931753880356
98,0,0.03885061666369438,-0.03682732259114583,0.2987714243634155
99,0,0.029284441843628883,-0.0282218359375,0.2957837101197814
100,0,0.033548686653375626,-0.0277079443359375,0.2928258730185836
101,0,0.033144738525152206,-0.02948591471354167,0.2898976142883978
102,0,0.02878616750240326,-0.029583302815755216,0.2869986381455138
103,0,0.03249587491154671,-0.03236407063802083,0.28412865176405866
104,0,0.03356542810797691,-0.029593743489583334,0.28128736524641806
105,0,0.034135546535253525,-0.028819322916666668,0.2784744915939539
106,0,0.04255059361457825,-0.029996865234375,0.2756897466780143
107,0,0.029884105548262596,-0.034057939453125005,0.2729328492112342
108,0,0.03635933995246887,-0.028402526855468745,0.27020352071912185
109,0,0.03103736601769924,-0.028613706868489585,0.26750148551193065
110,0,0.03629893809556961,-0.031930615234375,0.26482647065681136
111,0,0.03234231472015381,-0.03377180989583334,0.26217820595024327
112,0,0.03187983110547066,-0.028165890299479166,0.25955642389074085
113,0,0.02997538261115551,-0.02806654947916667,0.25696085965183346
114,0,0.03371472284197807,-0.029079215494791668,0.2543912510553151
115,0,0.029603609815239906,-0.027752522786458334,0.251847338544762
116,0,0.029545694589614868,-0.029074316406250002,0.24932886515931438
117,0,0.034479182213544846,-0.02816455729166666,0.24683557650772123
118,0,0.0335112102329731,-0.03138691080729167,0.24436722074264403
119,0,0.021817807108163834,-0.031364607747395835,0.24192354853521758
120,0,0.030617142096161842,-0.0290613671875,0.2395043130498654
121,0,0.027644051238894463,-0.024977183430989584,0.23710926991936676
122,0,0.0440451055765152,-0.03508227701822916,0.2347381772201731
123,0,0.030781984329223633,-0.028990757039388023,0.23239079544797137
124,0,0.03906644508242607,-0.028330800781249995,0.23006688749349166
125,0,0.03555546700954437,-0.02899248372395834,0.22776621861855675
126,0,0.030141284689307213,-0.026335068359374998,0.22548855643237117
127,0,0.04177093133330345,-0.02642388916015625,0.22323367086804746
128,0,0.024290889501571655,-0.02945582356770833,0.22100133415936699
129,0,0.02895810641348362,-0.02953204752604167,0.2187913208177733
130,0,0.023788368329405785,-0.027117114664713546,0.21660340760959557
131,0,0.029570618644356728,-0.026040887044270836,0.21443737353349962
132,0,0.028257792815566063,-0.029208046874999997,0.21229299979816463
133,0,0.03178657218813896,-0.02716390869140625,0.210170069800183
134,0,0.029887331649661064,-0.028578892618815105,0.20806836910218116
135,0,0.025345483794808388,-0.028473157552083333,0.20598768541115933
136,0,0.030450915917754173,-0.026109012044270834,0.20392780855704773
137,0,0.03075549565255642,-0.022487107747395832,0.20188853047147726
138,0,0.024116450920701027,-0.025029055582682293,0.19986964516676248
139,0,0.027306854724884033,-0.028465934244791668,0.19787094871509486
140,0,0.02397768571972847,-0.026305310872395835,0.1958922392279439
141,0,0.025985777378082275,-0.026331695988972982,0.19393331683566448
142,0,0.023975206539034843,-0.027987872721354168,0.19199398366730783
143,0,0.026489317417144775,-0.027586555989583334,0.19007404383063475
144,0,0.024374879896640778,-0.024047259114583334,0.1881733033923284
145,0,0.026875296607613564,-0.02436752311706543,0.18629157035840513
146,0,0.029546206817030907,-0.026565545247395836,0.18442865465482108
147,0,0.020195674151182175,-0.024870806884765628,0.18258436810827286
148,0,0.025517994537949562,-0.027166846313476566,0.18075852442719012
149,0,0.03050440363585949,-0.024636018880208336,0.1789509391829182
150,0,0.02207297645509243,-0.02731880208333333,0.17716142979108904
151,0,0.023736977949738503,-0.029753013509114582,0.17538981549317814
152,0,0.03127787262201309,-0.023058203125,0.17363591733824635
153,0,0.022346490994095802,-0.02176884806315104,0.17189955816486388
154,0,0.019694413989782333,-0.025037657877604164,0.17018056258321523
155,0,0.01972918212413788,-0.0288531103515625,0.16847875695738307
156,0,0.02163935825228691,-0.028818118489583332,0.16679396938780924
157,0,0.022895604372024536,-0.025765266927083332,0.16512602969393114
158,0,0.021756554022431374,-0.022788247070312503,0.16347476939699182
159,0,0.02586713433265686,-0.020350901692708336,0.1618400217030219
160,0,0.020430540665984154,-0.019398603515625,0.16022162148599167
161,0,0.0299756471067667,-0.020678334147135418,0.15861940527113175
162,0,0.02215140126645565,-0.019230448811848957,0.15703321121842043
163,0,0.019648613408207893,-0.018897249348958336,0.1554628791062362
164,0,0.02527705393731594,-0.01817045247395833,0.15390825031517386
165,0,0.022435862571001053,-0.01951470967610677,0.15236916781202212
166,0,0.023908808827400208,-0.016433285446166995,0.1508454761339019
167,0,0.024407921358942986,-0.017675126953125,0.14933702137256288
168,0,0.019690735265612602,-0.014001640116373698,0.14784365115883724
169,0,0.019737258553504944,-0.017830699869791668,0.14636521464724886
170,0,0.018652958795428276,-0.008466000162760418,0.14490156250077638
171,0,0.0181192047894001,0.0,0.1434525468757686
172,1,0.018441012129187584,-0.008238847656250001,0.14201802140701092
173,1,0.025261318311095238,-0.006017714843749999,0.14201802140701092
174,1,0.013997110538184643,-0.00390759989420573,0.1405978411929408
175,1,0.02520090714097023,-0.003719419962565104,0.1391918627810114
176,1,0.02436051517724991,-0.004062615559895834,0.1377999441532013
177,1,0.022735580801963806,-0.00526623036702474,0.13642194471166927
178,1,0.03196170553565025,-0.003352164306640625,0.13505772526455256
179,1,0.018801698461174965,-0.005373130696614584,0.13370714801190703
180,1,0.018459578976035118,-0.0031017384847005208,0.13237007653178795
181,1,0.029197199270129204,-0.004385625813802083,0.13104637576647007
182,1,0.024203740060329437,-0.004580003255208334,0.12973591200880538
183,1,0.018894243985414505,-0.004530539347330729,0.12843855288871733
184,1,0.01938638463616371,-0.008776000264485677,0.12715416735983015
185,1,0.024617087095975876,-0.010803292897542317,0.12588262568623185
186,1,0.02060951292514801,-0.011211153971354167,0.12462379942936953
187,1,0.013684063218533993,-0.00815591044108073,0.12337756143507583
188,1,0.01629270426928997,-0.0104991064453125,0.12214378582072508
189,1,0.027651214972138405,-0.011841912434895834,0.12092234796251783
190,1,0.032065361738204956,-0.00797380126953125,0.11971312448289265
191,1,0.02479446493089199,-0.009979816080729167,0.11851599323806372
192,1,0.02240869216620922,-0.013189349975585936,0.11733083330568309
193,1,0.013059069402515888,-0.008186759236653645,0.11615752497262626
194,1,0.029731137678027153,-0.009036205774943034,0.11499594972289999
195,1,0.022970089688897133,-0.009752083740234374,0.11384599022567099
196,1,0.018288543447852135,-0.025381021219889326,0.11270753032341428
197,1,0.03620215877890587,-0.021152807617187498,0.11158045502018014
198,1,0.021006114780902863,-0.021500231119791668,0.11046465046997835
199,1,0.019497906789183617,-0.026364581298828127,0.10936000396527856
200,1,0.02576291374862194,-0.02775335713704427,0.10826640392562578
201,1,0.018295414745807648,-0.02661882985432943,0.10718373988636952
202,1,0.02362644113600254,-0.025483248697916665,0.10611190248750582
203,1,0.02241690270602703,-0.024914805501302085,0.10505078346263076
204,1,0.027952490374445915,-0.024419109700520834,0.10400027562800446
205,1,0.020734798163175583,-0.02607690755208333,0.1029602728717244
206,1,0.030010748654603958,-0.023469830729166665,0.10193067014300716
207,1,0.02338275872170925,-0.02197388244628906,0.10091136344157708
208,1,0.012010850943624973,-0.0336638427734375,0.09990224980716131
209,1,0.01806303858757019,-0.030330379231770833,0.0989032273090897
210,1,0.044824179261922836,-0.03634310546875,0.0979141950359988
211,1,0.016157222911715508,-0.03254640299479167,0.09693505308563881
212,1,0.02357158623635769,-0.032338061523437496,0.09596570255478241
213,1,0.013214007019996643,-0.031338544921875,0.09500604552923458
214,1,0.01699402742087841,-0.03242542643229167,0.09405598507394224
215,1,0.01706046611070633,-0.03369818522135417,0.09311542522320282
216,1,0.021451259031891823,-0.03535592529296875,0.09218427097097079
217,1,0.02364904060959816,-0.036711162109375,0.09126242826126107
218,1,0.015026569366455078,-0.036760089518229164,0.09034980397864846
219,1,0.022663390263915062,-0.03277629557291667,0.08944630593886198
220,1,0.017951687797904015,-0.03297593017578125,0.08855184287947336
221,1,0.020365165546536446,-0.03321011881510416,0.08766632445067862
222,1,0.021375533193349838,-0.034470781250000006,0.08678966120617183
223,1,0.011781933717429638,-0.031088209635416662,0.08592176459411012
224,1,0.01642351597547531,-0.035227246093750005,0.08506254694816902
225,1,0.024279635399580002,-0.03263474609375,0.08421192147868732
226,1,0.020820377394557,-0.031291764322916665,0.08336980226390045
227,1,0.01904914155602455,-0.03286269185384115,0.08253610424126144
228,1,0.021073492243885994,-0.03159909871419271,0.08171074319884883
229,1,0.013981199823319912,-0.033582965494791665,0.08089363576686034
230,1,0.018770668655633926,-0.03243895182291667,0.08008469940919175
231,1,0.018953753635287285,-0.029209485677083334,0.07928385241509983
232,1,0.018672792240977287,-0.031604287109375,0.07849101389094883
233,1,0.019334500655531883,-0.027332600911458334,0.07770610375203933
234,1,0.01356461364775896,-0.028363636678059894,0.07692904271451893
235,1,0.023715006187558174,-0.02812421223958333,0.07615975228737375
236,1,0.008543363772332668,-0.02809894856770833,0.07539815476450001
237,1,0.012522751465439796,-0.029700898437500005,0.07464417321685501
238,1,0.021136334165930748,-0.029342718098958335,0.07389773148468647
239,1,0.013683979399502277,-0.029128349609374996,0.07315875416983961
240,1,0.015131515450775623,-0.02814375325520834,0.0724271666281412
241,1,0.0163168553262949,-0.026382853190104166,0.07170289496185979
242,1,0.015408356674015522,-0.025467190755208337,0.07098586601224119
243,1,0.03641695901751518,-0.024639052734375,0.07027600735211878
244,1,0.01597015932202339,-0.03341948893229167,0.0695732472785976
245,1,0.02216215245425701,-0.030698326822916667,0.06887751480581161
246,1,0.030661193653941154,-0.03367865559895833,0.0681887396577535
247,1,0.018119627609848976,-0.02980798177083333,0.06750685226117596
248,1,0.019923856481909752,-0.027346344401041667,0.0668317837385642
249,1,0.012165938504040241,-0.02874119466145834,0.06616346590117855
250,1,0.013074750080704689,-0.028503831380208334,0.06550183124216677
251,1,0.00914842914789915,-0.027600345052083336,0.0648468129297451
252,1,0.0178979579359293,-0.028266321614583336,0.06419834480044766
253,1,0.020799145102500916,-0.027877786865234372,0.06355636135244318
254,1,0.011065895669162273,-0.029395110677083332,0.06292079773891875
255,1,0.011764869093894958,-0.029024038085937506,0.062291589761529556
256,1,0.01388182770460844,-0.023871553141276043,0.06166867386391426
257,1,0.006965249311178923,-0.01934644856770833,0.06105198712527512
258,1,0.02268763817846775,-0.019598071289062505,0.060441467254022364
259,1,0.021424774080514908,-0.01644826507568359,0.05983705258148214
260,1,0.01399319525808096,-0.01843788533528646,0.05923868205566732
261,1,0.009721137583255768,-0.0230305859375,0.05864629523511065
262,1,0.0200794767588377,-0.018495236002604165,0.058059832282759544
263,1,0.016921352595090866,-0.02054193359375,0.05747923395993195
264,1,0.015842443332076073,-0.021825846354166668,0.05690444162033263
265,1,0.014261278323829174,-0.016072194010416666,0.056335397204129306
266,1,0.013706251978874207,-0.015524111328125,0.055772043232088016
267,1,0.014760682359337807,-0.019789189453124998,0.05521432279976714
268,1,0.011227781884372234,-0.029065732421875,0.05466217957176946
269,1,0.03399313986301422,-0.03298194010416666,0.054115557776051766
270,1,0.02060314454138279,-0.029392099609374996,0.053574402198291245
271,1,0.017094885930418968,-0.028633035481770836,0.05303865817630833
272,1,0.011592145077884197,-0.030038035481770833,0.05250827159454525
273,1,0.010362211614847183,-0.03145693359375,0.0519831888785998
274,1,0.011779109947383404,-0.029628631184895837,0.051463356989813795
275,1,0.015077325515449047,-0.029051997070312505,0.05094872341991566
276,1,0.010360926389694214,-0.03156641886393229,0.0504392361857165
277,1,0.010739016346633434,-0.028808927408854164,0.049934843823859335
278,1,0.013411194086074829,-0.029056245117187497,0.04943549538562074
279,1,0.01296821516007185,-0.029410556640625002,0.048941140431764535
280,1,0.016007089987397194,-0.03682732259114583,0.04845172902744689
281,1,0.010955517180263996,-0.0282218359375,0.04796721173717242
282,1,0.013085140846669674,-0.0277079443359375,0.0474875396198007
283,1,0.014787951484322548,-0.02948591471354167,0.047012664223602695
284,1,0.009810118936002254,-0.029583302815755216,0.046542537581366665
285,1,0.012223772704601288,-0.03236407063802083,0.046077112205552995
286,1,0.011115558445453644,-0.029593743489583334,0.045616341083497464
287,1,0.00816839188337326,-0.028819322916666668,0.04516017767266249
288,1,0.015346507541835308,-0.029996865234375,0.04470857589593587
289,1,0.028513913974165916,-0.034057939453125005,0.04426149013697651
290,1,0.011043881066143513,-0.028402526855468745,0.04381887523560674
291,1,0.013203302398324013,-0.028613706868489585,0.04338068648325068
292,1,0.008319858461618423,-0.031930615234375,0.04294687961841817
293,1,0.01824742928147316,-0.03377180989583334,0.04251741082223399
294,1,0.012595146894454956,-0.028165890299479166,0.04209223671401165
295,1,0.01417095959186554,-0.02806654947916667,0.04167131434687153
296,1,0.011479309760034084,-0.029079215494791668,0.04125460120340282
297,1,0.013331013731658459,-0.027752522786458334,0.04084205519136879
298,1,0.014721608720719814,-0.029074316406250002,0.0404336346394551
299,1,0.01287088729441166,-0.02816455729166666,0.04002929829306055
300,1,0.015035352669656277,-0.03138691080729167,0.039629005310129944
301,1,0.009802627377212048,-0.031364607747395835,0.03923271525702864
302,1,0.010648812167346478,-0.0290613671875,0.038840388104458355
303,1,0.013193926773965359,-0.024977183430989584,0.03845198422341377
304,1,0.012753784656524658,-0.03508227701822916,0.03806746438117963
305,1,0.021667463704943657,-0.028990757039388023,0.03768678973736783
306,1,0.010492288507521152,-0.028330800781249995,0.03730992183999415
307,1,0.019946662709116936,-0.02899248372395834,0.036936822621594215
308,1,0.00896929670125246,-0.026335068359374998,0.03656745439537827
309,1,0.010922826826572418,-0.02642388916015625,0.03620177985142449
310,1,0.00822380930185318,-0.02945582356770833,0.03583976205291024
311,1,0.02109082043170929,-0.02953204752604167,0.03548136443238114
312,1,0.019645946100354195,-0.027117114664713546,0.03512655078805733
313,1,0.014064324088394642,-0.026040887044270836,0.03477528528017675
314,1,0.011279168538749218,-0.029208046874999997,0.034427532427374986
315,1,0.018399404361844063,-0.02716390869140625,0.034083257103101235
316,1,0.015546758659183979,-0.028578892618815105,0.03374242453207022
317,1,0.020058071240782738,-0.028473157552083333,0.03340500028674952
318,1,0.017507148906588554,-0.026109012044270834,0.033070950283882024
319,1,0.011678298003971577,-0.022487107747395832,0.032740240781043206
320,1,0.008446971885859966,-0.025029055582682293,0.03241283837323277
321,1,0.01616646535694599,-0.028465934244791668,0.03208870998950044
322,1,0.018025120720267296,-0.026305310872395835,0.03176782288960543
323,1,0.01214657910168171,-0.026331695988972982,0.031450144660709375
324,1,0.012493551708757877,-0.027987872721354168,0.031135643214102282
325,1,0.007056874688714743,-0.027586555989583334,0.03082428678196126
326,1,0.006388124078512192,-0.024047259114583334,0.030516043914141647
327,1,0.008985045365989208,-0.02436752311706543,0.03021088347500023
328,1,0.011059356853365898,-0.026565545247395836,0.029908774640250227
329,1,0.01776779256761074,-0.024870806884765628,0.029609686893847725
330,1,0.024971842765808105,-0.027166846313476566,0.02931359002490925
331,1,0.012358996085822582,-0.024636018880208336,0.029020454124660155
332,1,0.007934755645692348,-0.02731880208333333,0.028730249583413553
333,1,0.005150925368070602,-0.029753013509114582,0.028442947087579416
334,1,0.011653673835098743,-0.023058203125,0.02815851761670362
335,1,0.00870505254715681,-0.02176884806315104,0.027876932440536583
336,1,0.005593860987573862,-0.025037657877604164,0.027598163116131218
337,1,0.009187981486320496,-0.0288531103515625,0.027322181484969905
338,1,0.012984304688870907,-0.028818118489583332,0.027048959670120207
339,1,0.007763335015624762,-0.025765266927083332,0.026778470073419006
340,1,0.011922547593712807,-0.022788247070312503,0.026510685372684816
341,1,0.005744338966906071,-0.020350901692708336,0.02624557851895797
342,1,0.011789890006184578,-0.019398603515625,0.02598312273376839
343,1,0.009053229354321957,-0.020678334147135418,0.025723291506430705
344,1,0.008192759938538074,-0.019230448811848957,0.025466058591366397
345,1,0.012979961931705475,-0.018897249348958336,0.02521139800545273
346,1,0.011144205927848816,-0.01817045247395833,0.024959284025398203
347,1,0.009594039991497993,-0.01951470967610677,0.024709691185144222
348,1,0.0065960087813436985,-0.016433285446166995,0.024462594273292778
349,1,0.03199038654565811,-0.017675126953125,0.02421796833055985
350,1,0.007680727634578943,-0.014001640116373698,0.02397578864725425
351,1,0.013291868381202221,-0.017830699869791668,0.02373603076078171
352,1,0.020644405856728554,-0.008466000162760418,0.023498670453173894
353,1,0.01433331798762083,0.0,0.023263683748642155
354,2,0.008982068859040737,-0.008238847656250001,0.023031046911155734
355,2,0.020236685872077942,-0.006017714843749999,0.023031046911155734
356,2,0.01883930340409279,-0.00390759989420573,0.022800736442044178
357,2,0.01220445055514574,-0.003719419962565104,0.022572729077623737
358,2,0.013010518625378609,-0.004062615559895834,0.0223470017868475
359,2,0.011627939529716969,-0.00526623036702474,0.022123531768979025
360,2,0.013769646175205708,-0.003352164306640625,0.021902296451289233
361,2,0.00786023773252964,-0.005373130696614584,0.02168327348677634
362,2,0.007240957114845514,-0.0031017384847005208,0.021466440751908577
363,2,0.01995198428630829,-0.004385625813802083,0.021251776344389493
364,2,0.013075080700218678,-0.004580003255208334,0.0210392585809456
365,2,0.01768261194229126,-0.004530539347330729,0.020828865995136142
366,2,0.01606999896466732,-0.008776000264485677,0.02062057733518478
367,2,0.0195086058229208,-0.010803292897542317,0.02041437156183293
368,2,0.012037679553031921,-0.011211153971354167,0.020210227846214603
369,2,0.00713329715654254,-0.00815591044108073,0.020008125567752458
370,2,0.00929174479097128,-0.0104991064453125,0.019808044312074932
371,2,0.0056901490315794945,-0.011841912434895834,0.019609963868954184
372,2,0.01429793518036604,-0.00797380126953125,0.019413864230264644
373,2,0.007934488356113434,-0.009979816080729167,0.019219725587962
374,2,0.014942786656320095,-0.013189349975585936,0.019027528332082377
375,2,0.007563748862594366,-0.008186759236653645,0.018837253048761552
376,2,0.009995415806770325,-0.009036205774943034,0.018648880518273937
377,2,0.0065383329056203365,-0.009752083740234374,0.0184623917130912
378,2,0.025156009942293167,-0.025381021219889326,0.018277767795960288
379,2,0.01929214596748352,-0.021152807617187498,0.018094990118000684
380,2,0.014761142432689667,-0.021500231119791668,0.01791404021682068
381,2,0.01262314897030592,-0.026364581298828127,0.017734899814652472
382,2,0.03202962502837181,-0.02775335713704427,0.017557550816505948
383,2,0.019470911473035812,-0.02661882985432943,0.01738197530834089
384,2,0.007822881452739239,-0.025483248697916665,0.017208155555257478
385,2,0.017140280455350876,-0.024914805501302085,0.017036073999704904
386,2,0.006578657776117325,-0.024419109700520834,0.016865713259707857
387,2,0.008442757651209831,-0.02607690755208333,0.01669705612711078
388,2,0.012370339594781399,-0.023469830729166665,0.01653008556583967
389,2,0.004429092165082693,-0.02197388244628906,0.01636478471018127
390,2,0.00817753653973341,-0.0336638427734375,0.01620113686307946
391,2,0.009012854658067226,-0.030330379231770833,0.016039125494448664
392,2,0.009722224436700344,-0.03634310546875,0.015878734239504175
393,2,0.013971352949738503,-0.03254640299479167,0.015719946897109132
394,2,0.00536526320502162,-0.032338061523437496,0.01556274742813804
395,2,0.008053519763052464,-0.031338544921875,0.01540711995385666
396,2,0.005902870558202267,-0.03242542643229167,0.015253048754318094
397,2,0.01174736674875021,-0.03369818522135417,0.015100518266774913
398,2,0.006447343621402979,-0.03535592529296875,0.014949513084107163
399,2,0.008382902480661869,-0.036711162109375,0.014800017953266091
400,2,0.005478464532643557,-0.036760089518229164,0.01465201777373343
401,2,0.01885211281478405,-0.03277629557291667,0.014505497595996095
402,2,0.012750363908708096,-0.03297593017578125,0.014360442620036135
403,2,0.011862628161907196,-0.03321011881510416,0.014216838193835773
404,2,0.021434830501675606,-0.034470781250000006,0.014074669811897415
405,2,0.0049639600329101086,-0.031088209635416662,0.01393392311377844
406,2,0.006011298391968012,-0.035227246093750005,0.013794583882640656
407,2,0.008687061257660389,-0.03263474609375,0.01365663804381425
408,2,0.019473684951663017,-0.031291764322916665,0.013520071663376107
409,2,0.008835839107632637,-0.03286269185384115,0.013384870946742346
410,2,0.003929545637220144,-0.03159909871419271,0.013251022237274923
411,2,0.0023460693191736937,-0.033582965494791665,0.013118512014902174
412,2,0.005260927136987448,-0.03243895182291667,0.012987326894753152
413,2,0.011049943044781685,-0.029209485677083334,0.01285745362580562
414,2,0.00458303838968277,-0.031604287109375,0.012728879089547564
415,2,0.003871847642585635,-0.027332600911458334,0.012601590298652088
416,2,0.004664410371333361,-0.028363636678059894,0.012475574395665568
417,2,0.021545134484767914,-0.02812421223958333,0.012350818651708912
418,2,0.006638697814196348,-0.02809894856770833,0.012227310465191822
419,2,0.006051401607692242,-0.029700898437500005,0.012105037360539904
420,2,0.0071694026701152325,-0.029342718098958335,0.011983986986934505
421,2,0.013004518114030361,-0.029128349609374996,0.01186414711706516
422,2,0.00576638150960207,-0.02814375325520834,0.011745505645894508
423,2,0.011146618984639645,-0.026382853190104166,0.011628050589435562
424,2,0.006117616314440966,-0.025467190755208337,0.011511770083541206
425,2,0.015222218818962574,-0.024639052734375,0.011396652382705794
426,2,0.010280502028763294,-0.03341948893229167,0.011282685858878736
427,2,0.01083400845527649,-0.030698326822916667,0.01116985900028995
428,2,0.004994464572519064,-0.03367865559895833,0.01105816041028705
429,2,0.010630498640239239,-0.02980798177083333,0.01094757880618418
430,2,0.006242790725082159,-0.027346344401041667,0.010838103018122337
431,2,0.008607346564531326,-0.02874119466145834,0.010729721987941114
432,2,0.003750474890694022,-0.028503831380208334,0.010622424768061703
433,2,0.005212257616221905,-0.027600345052083336,0.010516200520381085
434,2,0.005392901133745909,-0.028266321614583336,0.010411038515177275
435,2,0.0066407970152795315,-0.027877786865234372,0.010306928130025502
436,2,0.007464406080543995,-0.029395110677083332,0.010203858848725248
437,2,0.014585216529667377,-0.029024038085937506,0.010101820260237995
438,2,0.004012953024357557,-0.023871553141276043,0.010000802057635615
439,2,0.01876761019229889,-0.01934644856770833,0.009900794037059258
440,2,0.0170377716422081,-0.019598071289062505,0.009801786096688666
441,2,0.004251954145729542,-0.01644826507568359,0.009703768235721779
442,2,0.010262800380587578,-0.01843788533528646,0.009606730553364562
443,2,0.004654380958527327,-0.0230305859375,0.009510663247830916
444,2,0.00640341779217124,-0.018495236002604165,0.009415556615352608
445,2,0.010745158419013023,-0.02054193359375,0.009321401049199082
446,2,0.00494761997833848,-0.021825846354166668,0.009228187038707092
447,2,0.007998432032763958,-0.016072194010416666,0.00913590516832002
448,2,0.010020158253610134,-0.015524111328125,0.00904454611663682
449,2,0.004139121156185865,-0.019789189453124998,0.008954100655470452
450,2,0.033591486513614655,-0.029065732421875,0.008864559648915747
451,2,0.012973057106137276,-0.03298194010416666,0.00877591405242659
452,2,0.01035742461681366,-0.029392099609374996,0.008688154911902325
453,2,0.004513215273618698,-0.028633035481770836,0.008601273362783301
454,2,0.004749147221446037,-0.030038035481770833,0.008515260629155467
455,2,0.004858237691223621,-0.03145693359375,0.008430108022863913
456,2,0.015458385460078716,-0.029628631184895837,0.008345806942635273
457,2,0.007517077960073948,-0.029051997070312505,0.00826234887320892
458,2,0.0027920042630285025,-0.03156641886393229,0.00817972538447683
459,2,0.0031786567997187376,-0.028808927408854164,0.008097928130632061
460,2,0.009882023558020592,-0.029056245117187497,0.008016948849325741
461,2,0.005656273569911718,-0.029410556640625002,0.007936779360832483
462,2,0.008679928258061409,-0.03682732259114583,0.007857411567224158
463,2,0.0035373722203075886,-0.0282218359375,0.007778837451551917
464,2,0.010175128467381,-0.0277079443359375,0.007701049077036398
465,2,0.006927003618329763,-0.02948591471354167,0.007624038586266034
466,2,0.004893098026514053,-0.029583302815755216,0.007547798200403373
467,2,0.02579163946211338,-0.03236407063802083,0.00747232021839934
468,2,0.003705116454511881,-0.029593743489583334,0.0073975970162153465
469,2,0.004516242537647486,-0.028819322916666668,0.007323621046053193
470,2,0.012841722927987576,-0.029996865234375,0.007250384835592661
471,2,0.004772137850522995,-0.034057939453125005,0.007177880987236734
472,2,0.005570275243371725,-0.028402526855468745,0.007106102177364367
473,2,0.002061164239421487,-0.028613706868489585,0.007035041155590723
474,2,0.012112072668969631,-0.031930615234375,0.0069646907440348155
475,2,0.007841598242521286,-0.03377180989583334,0.006895043836594467
476,2,0.010878178291022778,-0.028165890299479166,0.006826093398228522
477,2,0.004617662634700537,-0.02806654947916667,0.006757832464246237
478,2,0.004114990588277578,-0.029079215494791668,0.006690254139603774
479,2,0.008626656606793404,-0.027752522786458334,0.006623351598207736
480,2,0.012881102971732616,-0.029074316406250002,0.006557118082225659
481,2,0.0029591864440590143,-0.02816455729166666,0.006491546901403402
482,2,0.011691047810018063,-0.03138691080729167,0.006426631432389369
483,2,0.011221549473702908,-0.031364607747395835,0.006362365118065475
484,2,0.006914164405316114,-0.0290613671875,0.00629874146688482
485,2,0.0047791930846869946,-0.024977183430989584,0.006235754052215972
486,2,0.009501606225967407,-0.03508227701822916,0.006173396511693812
487,2,0.003910951316356659,-0.028990757039388023,0.0061116625465768735
488,2,0.011193676851689816,-0.028330800781249995,0.006050545921111105
489,2,0.006875574588775635,-0.02899248372395834,0.005990040461899994
490,2,0.004275673534721136,-0.026335068359374998,0.005930140057280995
491,2,0.0069228531792759895,-0.02642388916015625,0.005870838656708185
492,2,0.007776500191539526,-0.02945582356770833,0.0058121302701411035
493,2,0.011433932930231094,-0.02953204752604167,0.005754008967439692
494,2,0.015535003505647182,-0.027117114664713546,0.005696468877765295
495,2,0.00354451104067266,-0.026040887044270836,0.005639504188987642
496,2,0.010731358081102371,-0.029208046874999997,0.0055831091470977656
497,2,0.0027929870411753654,-0.02716390869140625,0.005527278055626788
498,2,0.004911891650408506,-0.028578892618815105,0.0054720052750705205
499,2,0.0036560967564582825,-0.028473157552083333,0.005417285222319815
500,2,0.008621850982308388,-0.026109012044270834,0.005363112370096617
501,2,0.0028221718966960907,-0.022487107747395832,0.005309481246395651
502,2,0.007739303167909384,-0.025029055582682293,0.0052563864339316944
503,2,0.01879807561635971,-0.028465934244791668,0.005203822569592377
504,2,0.00641280272975564,-0.026305310872395835,0.005151784343896453
505,2,0.008531706407666206,-0.026331695988972982,0.005100266500457489
506,2,0.0025312118232250214,-0.027987872721354168,0.0050492638354529135
507,2,0.023850303143262863,-0.027586555989583334,0.004998771197098384
508,2,0.0019904577638953924,-0.024047259114583334,0.004948783485127401
509,2,0.005938442423939705,-0.02436752311706543,0.004899295650276127
510,2,0.006477990187704563,-0.026565545247395836,0.004850302693773366
511,2,0.00820138305425644,-0.024870806884765628,0.0048017996668356325
512,2,0.008437387645244598,-0.027166846313476566,0.004753781670167276
513,2,0.023709531873464584,-0.024636018880208336,0.0047062438534656035
514,2,0.007697311695665121,-0.02731880208333333,0.004659181414930947
515,2,0.009649842977523804,-0.029753013509114582,0.004612589600781637
516,2,0.004917537793517113,-0.023058203125,0.004566463704773821
517,2,0.002534376922994852,-0.02176884806315104,0.004520799067726082
518,2,0.004886879585683346,-0.025037657877604164,0.0044755910770488214
519,2,0.006964224856346846,-0.0288531103515625,0.004430835166278333
520,2,0.006955648306757212,-0.028818118489583332,0.00438652681461555
521,2,0.004229917656630278,-0.025765266927083332,0.004342661546469395
522,2,0.005066562909632921,-0.022788247070312503,0.004299234931004701
523,2,0.0028079466428607702,-0.020350901692708336,0.004256242581694654
524,2,0.006474335677921772,-0.019398603515625,0.0042136801558777075
525,2,0.003121790708974004,-0.020678334147135418,0.004171543354318931
526,2,0.011484777554869652,-0.019230448811848957,0.004129827920775741
527,2,0.0037286521401256323,-0.018897249348958336,0.004088529641567984
528,2,0.0048223985359072685,-0.01817045247395833,0.004047644345152304
529,2,0.015723878517746925,-0.01951470967610677,0.004007167901700781
530,2,0.01413755863904953,-0.016433285446166995,0.003967096222683773
531,2,0.003249051747843623,-0.017675126953125,0.0039274252604569355
532,2,0.008919790387153625,-0.014001640116373698,0.003888151007852366
533,2,0.009180325083434582,-0.017830699869791668,0.0038492694977738423
534,2,0.0015703432727605104,-0.008466000162760418,0.003810776802796104
535,2,0.011451078578829765,0.0,0.003772669034768143
536,3,0.005002617835998535,-0.008238847656250001,0.0037349423444204615
537,3,0.00771342683583498,-0.006017714843749999,0.0037349423444204615
538,3,0.02079334668815136,-0.00390759989420573,0.003697592920976257
539,3,0.008061212487518787,-0.003719419962565104,0.0036606169917664942
540,3,0.010000478476285934,-0.004062615559895834,0.0036240108218488294
541,3,0.0029060333035886288,-0.00526623036702474,0.003587770713630341
542,3,0.007882011123001575,-0.003352164306640625,0.0035518930064940375
543,3,0.009713412262499332,-0.005373130696614584,0.003516374076429097
544,3,0.013829327188432217,-0.0031017384847005208,0.003481210335664806
545,3,0.02140248939394951,-0.004385625813802083,0.0034463982323081578
546,3,0.02197621762752533,-0.004580003255208334,0.003411934249985076
547,3,0.0042287567630410194,-0.004530539347330729,0.0033778149074852252
548,3,0.017458446323871613,-0.008776000264485677,0.003344036758410373
549,3,0.0030221769120544195,-0.010803292897542317,0.003310596390826269
550,3,0.003340192837640643,-0.011211153971354167,0.0032774904269180067
551,3,0.006822021212428808,-0.00815591044108073,0.0032447155226488266
552,3,0.006092562805861235,-0.0104991064453125,0.003212268367422338
553,3,0.01098801102489233,-0.011841912434895834,0.0031801456837481147
554,3,0.011107774451375008,-0.00797380126953125,0.0031483442269106335
555,3,0.0025307543110102415,-0.009979816080729167,0.003116860784641527
556,3,0.01621677540242672,-0.013189349975585936,0.0030856921767951117
557,3,0.008483737707138062,-0.008186759236653645,0.0030548352550271605
558,3,0.0027496006805449724,-0.009036205774943034,0.003024286902476889
559,3,0.0076797762885689735,-0.009752083740234374,0.00299404403345212
560,3,0.007869504392147064,-0.025381021219889326,0.002964103593117599
561,3,0.004220618400722742,-0.021152807617187498,0.002934462557186423
562,3,0.00219158036634326,-0.021500231119791668,0.0029051179316145585
563,3,0.00809461623430252,-0.026364581298828127,0.002876066752298413
564,3,0.0062456582672894,-0.02775335713704427,0.002847306084775429
565,3,0.004042202606797218,-0.02661882985432943,0.0028188330239276747
566,3,0.011373704299330711,-0.025483248697916665,0.002790644693688398
567,3,0.0035639298148453236,-0.024914805501302085,0.002762738246751514
568,3,0.005879308562725782,-0.024419109700520834,0.0027351108642839988
569,3,0.0058206249959766865,-0.02607690755208333,0.0027077597556411587
570,3,0.010901535861194134,-0.023469830729166665,0.002680682158084747
571,3,0.002937665907666087,-0.02197388244628906,0.0026538753365038994
572,3,0.003319603158161044,-0.0336638427734375,0.00262733658313886
573,3,0.012508997693657875,-0.030330379231770833,0.0026010632173074717
574,3,0.005403400398790836,-0.03634310546875,0.002575052585134397
575,3,0.008785950019955635,-0.03254640299479167,0.002549302059283053
576,3,0.0033337585628032684,-0.032338061523437496,0.0025238090386902226
577,3,0.007123126182705164,-0.031338544921875,0.0024985709483033203
578,3,0.0024091501254588366,-0.03242542643229167,0.0024735852388202873
579,3,0.005167228635400534,-0.03369818522135417,0.002448849386432084
580,3,0.005610777996480465,-0.03535592529296875,0.002424360892567763
581,3,0.007103027310222387,-0.036711162109375,0.0024001172836420853
582,3,0.005980267189443111,-0.036760089518229164,0.0023761161108056643
583,3,0.00718318996950984,-0.03277629557291667,0.0023523549496976075
584,3,0.0030563927721232176,-0.03297593017578125,0.0023288314002006313
585,3,0.007792001124471426,-0.03321011881510416,0.002305543086198625
586,3,0.00871316622942686,-0.034470781250000006,0.0022824876553366384
587,3,0.0038880810607224703,-0.031088209635416662,0.002259662778783272
588,3,0.002652115421369672,-0.035227246093750005,0.0022370661509954395
589,3,0.009962799958884716,-0.03263474609375,0.002214695489485485
590,3,0.005566402804106474,-0.031291764322916665,0.0021925485345906303
591,3,0.005682315677404404,-0.03286269185384115,0.002170623049244724
592,3,0.002985813422128558,-0.03159909871419271,0.0021489168187522768
593,3,0.0032607868779450655,-0.033582965494791665,0.002127427650564754
594,3,0.0035222494043409824,-0.03243895182291667,0.002106153374059106
595,3,0.0028999533969908953,-0.029209485677083334,0.002085091840318515
596,3,0.0029901484958827496,-0.031604287109375,0.00206424092191533
597,3,0.003863635240122676,-0.027332600911458334,0.0020435985126961765
598,3,0.002253446262329817,-0.028363636678059894,0.0020231625275692147
599,3,0.005357936955988407,-0.02812421223958333,0.0020029309022935224
600,3,0.0036781670060008764,-0.02809894856770833,0.001982901593270587
601,3,0.011501534841954708,-0.029700898437500005,0.0019630725773378812
602,3,0.002464944263920188,-0.029342718098958335,0.0019434418515645025
603,3,0.008284336887300014,-0.029128349609374996,0.0019240074330488573
604,3,0.003312082728371024,-0.02814375325520834,0.0019047673587183687
605,3,0.0023118366952985525,-0.026382853190104166,0.001885719685131185
606,3,0.0034737891983240843,-0.025467190755208337,0.001866862488279873
607,3,0.003930297680199146,-0.024639052734375,0.0018481938633970742
608,3,0.010487934574484825,-0.03341948893229167,0.0018297119247631035
609,3,0.009931367821991444,-0.030698326822916667,0.0018114148055154724
610,3,0.0032286513596773148,-0.03367865559895833,0.0017933006574603176
611,3,0.0034873627591878176,-0.02980798177083333,0.0017753676508857144
612,3,0.00191668386105448,-0.027346344401041667,0.0017576139743768573
613,3,0.02423512004315853,-0.02874119466145834,0.0017400378346330886
614,3,0.003456100123003125,-0.028503831380208334,0.0017226374562867577
615,3,0.0031337589025497437,-0.027600345052083336,0.00170541108172389
616,3,0.008556823246181011,-0.028266321614583336,0.001688356970906651
617,3,0.0027282435912638903,-0.027877786865234372,0.0016714734011975846
618,3,0.006576813291758299,-0.029395110677083332,0.0016547586671856087
619,3,0.021339958533644676,-0.029024038085937506,0.0016382110805137527
620,3,0.002175715519115329,-0.023871553141276043,0.0016218289697086151
621,3,0.004215010441839695,-0.01934644856770833,0.001605610680011529
622,3,0.005678740795701742,-0.019598071289062505,0.0015895545732114136
623,3,0.0027660822961479425,-0.01644826507568359,0.0015736590274792995
624,3,0.0025096358731389046,-0.01843788533528646,0.0015579224372045065
625,3,0.0027432397473603487,-0.0230305859375,0.0015423432128324616
626,3,0.0038683402817696333,-0.018495236002604165,0.001526919780704137
627,3,0.0031633616890758276,-0.02054193359375,0.0015116505828970956
628,3,0.008798140101134777,-0.021825846354166668,0.0014965340770681246
629,3,0.00872655026614666,-0.016072194010416666,0.0014815687362974433
630,3,0.006542803253978491,-0.015524111328125,0.0014667530489344688
631,3,0.02012336440384388,-0.019789189453124998,0.0014520855184451242
632,3,0.005414401646703482,-0.029065732421875,0.0014375646632606728
633,3,0.014888039790093899,-0.03298194010416666,0.0014231890166280662
634,3,0.004359715152531862,-0.029392099609374996,0.0014089571264617854
635,3,0.0021470922511070967,-0.028633035481770836,0.0013948675551971675
636,3,0.002485766541212797,-0.030038035481770833,0.0013809188796451957
637,3,0.001926608383655548,-0.03145693359375,0.0013671096908487437
638,3,0.0023045428097248077,-0.029628631184895837,0.0013534385939402563
639,3,0.0024441552814096212,-0.029051997070312505,0.0013399042080008538
640,3,0.01614345796406269,-0.03156641886393229,0.0013265051659208452
641,3,0.006133889313787222,-0.028808927408854164,0.0013132401142616366
642,3,0.002438841387629509,-0.029056245117187497,0.0013001077131190202
643,3,0.0026736874133348465,-0.029410556640625002,0.00128710663598783
644,3,0.004118785727769136,-0.03682732259114583,0.0012742355696279517
645,3,0.005615761037915945,-0.0282218359375,0.001261493213931672
646,3,0.0016891210107132792,-0.0277079443359375,0.0012488782817923554
647,3,0.0014384163077920675,-0.02948591471354167,0.001236389498974432
648,3,0.004228467121720314,-0.029583302815755216,0.0012240256039846877
649,3,0.003523442195728421,-0.03236407063802083,0.0012117853479448409
650,3,0.006287635304033756,-0.029593743489583334,0.0011996674944653924
651,3,0.006351444870233536,-0.028819322916666668,0.0011876708195207384
652,3,0.004139341413974762,-0.029996865234375,0.001175794111325531
653,3,0.005779389292001724,-0.034057939453125005,0.0011640361702122757
654,3,0.0021831318736076355,-0.028402526855468745,0.001152395808510153
655,3,0.01306284498423338,-0.028613706868489585,0.0011408718504250515
656,3,0.003077130764722824,-0.031930615234375,0.001129463131920801
657,3,0.0050690690986812115,-0.03377180989583334,0.0011181685006015928
658,3,0.00568809499964118,-0.028165890299479166,0.0011069868155955769
659,3,0.005365273915231228,-0.02806654947916667,0.001095916947439621
660,3,0.008265859447419643,-0.029079215494791668,0.001084957777965225
661,3,0.006837704684585333,-0.027752522786458334,0.0010741082001855726
662,3,0.01355359610170126,-0.029074316406250002,0.001063367118183717
663,3,0.0022209547460079193,-0.02816455729166666,0.0010527334470018797
664,3,0.0021454261150211096,-0.03138691080729167,0.001042206112531861
665,3,0.016852090135216713,-0.031364607747395835,0.0010317840514065424
666,3,0.004851118661463261,-0.0290613671875,0.001021466210892477
667,3,0.004302761983126402,-0.024977183430989584,0.0010112515487835524
668,3,0.003632660722360015,-0.03508227701822916,0.0010011390332957167
669,3,0.004419033881276846,-0.028990757039388023,0.0009911276429627595
670,3,0.00398330669850111,-0.028330800781249995,0.0009812163665331318
671,3,0.0017798129701986909,-0.02899248372395834,0.0009714042028678005
672,3,0.0035866156686097383,-0.026335068359374998,0.0009616901608391225
673,3,0.001698810257948935,-0.02642388916015625,0.0009520732592307313
674,3,0.0022633266635239124,-0.02945582356770833,0.000942552526638424
675,3,0.005859912373125553,-0.02953204752604167,0.0009331270013720397
676,3,0.0050255185924470425,-0.027117114664713546,0.0009237957313583193
677,3,0.017438478767871857,-0.026040887044270836,0.0009145577740447362
678,3,0.0028853926341980696,-0.029208046874999997,0.0009054121963042888
679,3,0.004098804201930761,-0.02716390869140625,0.0008963580743412458
680,3,0.005619421135634184,-0.028578892618815105,0.0008873944935978334
681,3,0.0018506859196349978,-0.028473157552083333,0.000878520548661855
682,3,0.0027480521239340305,-0.026109012044270834,0.0008697353431752364
683,3,0.003967828117311001,-0.022487107747395832,0.000861037989743484
684,3,0.00541734742000699,-0.025029055582682293,0.0008524276098460492
685,3,0.001914901309646666,-0.028465934244791668,0.0008439033337475887
686,3,0.004595838021486998,-0.026305310872395835,0.0008354643004101129
687,3,0.004125637002289295,-0.026331695988972982,0.0008271096574060117
688,3,0.006840565707534552,-0.027987872721354168,0.0008188385608319516
689,3,0.0144798057153821,-0.027586555989583334,0.0008106501752236322
690,3,0.0016116456827148795,-0.024047259114583334,0.0008025436734713958
691,3,0.006040583364665508,-0.02436752311706543,0.0007945182367366818
692,3,0.01287804264575243,-0.026565545247395836,0.000786573054369315
693,3,0.008415549993515015,-0.024870806884765628,0.0007787073238256218
694,3,0.005691681522876024,-0.027166846313476566,0.0007709202505873656
695,3,0.0023008177522569895,-0.024636018880208336,0.0007632110480814919
696,3,0.0040064104832708836,-0.02731880208333333,0.0007555789376006769
697,3,0.005224441643804312,-0.029753013509114582,0.0007480231482246702
698,3,0.010017863474786282,-0.023058203125,0.0007405429167424235
699,3,0.009070745669305325,-0.02176884806315104,0.0007331374875749993
700,3,0.0031115857418626547,-0.025037657877604164,0.0007258061126992493
701,3,0.01401299424469471,-0.0288531103515625,0.0007185480515722568
702,3,0.002240000758320093,-0.028818118489583332,0.0007113625710565343
703,3,0.014644840732216835,-0.025765266927083332,0.0007042489453459689
704,3,0.004575071856379509,-0.022788247070312503,0.0006972064558925092
705,3,0.001745932619087398,-0.020350901692708336,0.0006902343913335841
706,3,0.007169625256210566,-0.019398603515625,0.0006833320474202482
707,3,0.0015343670966103673,-0.020678334147135418,0.0006764987269460458
708,3,0.0019824542105197906,-0.019230448811848957,0.0006697337396765853
709,3,0.0019391507375985384,-0.018897249348958336,0.0006630364022798195
710,3,0.0023563739378005266,-0.01817045247395833,0.0006564060382570213
711,3,0.003078242763876915,-0.01951470967610677,0.0006498419778744511
712,3,0.0015316108474507928,-0.016433285446166995,0.0006433435580957066
713,3,0.012911262921988964,-0.017675126953125,0.0006369101225147495
714,3,0.0021715553011745214,-0.014001640116373698,0.000630541021289602
715,3,0.0011363629018887877,-0.017830699869791668,0.000624235611076706
716,3,0.011421333998441696,-0.008466000162760418,0.0006179932549659389
717,3,0.0050554582849144936,0.0,0.0006118133224162796
718,4,0.007470548152923584,-0.008238847656250001,0.0006056951891921168
719,4,0.004447889979928732,-0.006017714843749999,0.0006056951891921168
720,4,0.005189933814108372,-0.00390759989420573,0.0005996382373001957
721,4,0.002041047438979149,-0.003719419962565104,0.0005936418549271937
722,4,0.0040040514431893826,-0.004062615559895834,0.0005877054363779218
723,4,0.003319818526506424,-0.00526623036702474,0.0005818283820141425
724,4,0.005622221622616053,-0.003352164306640625,0.0005760100981940011
725,4,0.009599961340427399,-0.005373130696614584,0.0005702499972120611
726,4,0.0036875230725854635,-0.0031017384847005208,0.0005645474972399405
727,4,0.006526487413793802,-0.004385625813802083,0.0005589020222675411
728,4,0.005559239070862532,-0.004580003255208334,0.0005533130020448657
729,4,0.0110876290127635,-0.004530539347330729,0.0005477798720244171
730,4,0.006016646046191454,-0.008776000264485677,0.0005423020733041729
731,4,0.005918346345424652,-0.010803292897542317,0.0005368790525711311
732,4,0.0020586871542036533,-0.011211153971354167,0.0005315102620454198
733,4,0.0060592093504965305,-0.00815591044108073,0.0005261951594249656
734,4,0.009421846829354763,-0.0104991064453125,0.0005209332078307159
735,4,0.004165004473179579,-0.011841912434895834,0.0005157238757524087
736,4,0.002567185554653406,-0.00797380126953125,0.0005105666369948846
737,4,0.001583227887749672,-0.009979816080729167,0.0005054609706249358
738,4,0.008575700223445892,-0.013189349975585936,0.0005004063609186864
739,4,0.008638463914394379,-0.008186759236653645,0.0004954022973094995
740,4,0.00636214017868042,-0.009036205774943034,0.0004904482743364045
741,4,0.008044721558690071,-0.009752083740234374,0.0004855437915930404
742,4,0.00577171565964818,-0.025381021219889326,0.00048068835367711
743,4,0.004084804095327854,-0.021152807617187498,0.0004758814701403389
744,4,0.003590791020542383,-0.021500231119791668,0.00047112265543893553
745,4,0.003140778513625264,-0.026364581298828127,0.00046641142888454617
746,4,0.005206464324146509,-0.02775335713704427,0.0004617473145957007
747,4,0.008198410272598267,-0.02661882985432943,0.0004571298414497437
748,4,0.0030417812522500753,-0.025483248697916665,0.00045255854303524626
749,4,0.009234163910150528,-0.024914805501302085,0.0004480329576048938
750,4,0.008929073810577393,-0.024419109700520834,0.00044355262802884486
751,4,0.004921163897961378,-0.02607690755208333,0.0004391171017485564
752,4,0.00859604962170124,-0.023469830729166665,0.00043472593073107084
753,4,0.004252520855516195,-0.02197388244628906,0.0004303786714237601
754,4,0.002988981083035469,-0.0336638427734375,0.0004260748847095225
755,4,0.003304512007161975,-0.030330379231770833,0.0004218141358624273
756,4,0.00214545545168221,-0.03634310546875,0.000417595994503803
757,4,0.00511528505012393,-0.03254640299479167,0.00041342003455876493
758,4,0.0018441558349877596,-0.032338061523437496,0.0004092858342131773
759,4,0.015455237589776516,-0.031338544921875,0.0004051929758710455
760,4,0.008524264208972454,-0.03242542643229167,0.000401141046112335
761,4,0.0028112397994846106,-0.03369818522135417,0.00039712963565121165
762,4,0.007565545383840799,-0.03535592529296875,0.00039315833929469955
763,4,0.011035005562007427,-0.036711162109375,0.00038922675590175254
764,4,0.0014296270674094558,-0.036760089518229164,0.000385334488342735
765,4,0.001866027945652604,-0.03277629557291667,0.0003814811434593076
766,4,0.001995648257434368,-0.03297593017578125,0.00037766633202471455
767,4,0.002145761391147971,-0.03321011881510416,0.0003738896687044674
768,4,0.002207778859883547,-0.034470781250000006,0.0003701507720174227
769,4,0.0014531866181641817,-0.031088209635416662,0.0003664492642972485
770,4,0.00543004646897316,-0.035227246093750005,0.000362784771654276
771,4,0.005594494286924601,-0.03263474609375,0.00035915692393773325
772,4,0.0015365728177130222,-0.031291764322916665,0.00035556535469835593
773,4,0.005011364817619324,-0.03286269185384115,0.0003520097011513724
774,4,0.010708990506827831,-0.03159909871419271,0.00034848960413985864
775,4,0.006783984135836363,-0.033582965494791665,0.00034500470809846007
776,4,0.003776660654693842,-0.03243895182291667,0.00034155466101747545
777,4,0.0030372932087630033,-0.029209485677083334,0.0003381391144073007
778,4,0.001332949730567634,-0.031604287109375,0.00033475772326322766
779,4,0.0014449431328102946,-0.027332600911458334,0.00033141014603059536
780,4,0.006329655181616545,-0.028363636678059894,0.0003280960445702894
781,4,0.0018886298639699817,-0.02812421223958333,0.00032481508412458653
782,4,0.009229989722371101,-0.02809894856770833,0.00032156693328334066
783,4,0.0027019858825951815,-0.029700898437500005,0.00031835126395050726
784,4,0.01476142555475235,-0.029342718098958335,0.00031516775131100217
785,4,0.0021740493830293417,-0.029128349609374996,0.00031201607379789214
786,4,0.008417087607085705,-0.02814375325520834,0.0003088959130599132
787,4,0.002371288603171706,-0.026382853190104166,0.00030580695392931406
788,4,0.0018089227378368378,-0.025467190755208337,0.00030274888439002094
789,4,0.012300463393330574,-0.024639052734375,0.00029972139554612073
790,4,0.006720553617924452,-0.03341948893229167,0.0002967241815906595
791,4,0.010610002093017101,-0.030698326822916667,0.0002937569397747529
792,4,0.005629354156553745,-0.03367865559895833,0.0002908193703770054
793,4,0.00368201220408082,-0.02980798177083333,0.0002879111766732353
794,4,0.002038966864347458,-0.027346344401041667,0.0002850320649065029
795,4,0.005695702042430639,-0.02874119466145834,0.0002821817442574379
796,4,0.003980325534939766,-0.028503831380208334,0.00027935992681486354
797,4,0.0014779898338019848,-0.027600345052083336,0.0002765663275467149
798,4,0.0014132180949673057,-0.028266321614583336,0.00027380066427124775
799,4,0.0010693249059841037,-0.027877786865234372,0.00027106265762853526
800,4,0.005908797960728407,-0.029395110677083332,0.00026835203105224993
801,4,0.002745032077655196,-0.029024038085937506,0.00026566851074172744
802,4,0.008798505179584026,-0.023871553141276043,0.00026301182563431017
803,4,0.0050773522816598415,-0.01934644856770833,0.0002603817073779671
804,4,0.005624876823276281,-0.019598071289062505,0.0002577778903041874
805,4,0.015239384956657887,-0.01644826507568359,0.00025520011140114555
806,4,0.00380289601162076,-0.01843788533528646,0.0002526481102871341
807,4,0.006214059889316559,-0.0230305859375,0.00025012162918426275
808,4,0.0025797951966524124,-0.018495236002604165,0.0002476204128924201
809,4,0.0016430479008704424,-0.02054193359375,0.0002451442087634959
810,4,0.0047706179320812225,-0.021825846354166668,0.00024269276667586093
811,4,0.01271443348377943,-0.016072194010416666,0.00024026583900910232
812,4,0.006764989346265793,-0.015524111328125,0.0002378631806190113
813,4,0.0017038605874404311,-0.019789189453124998,0.0002354845488128212
814,4,0.004467076156288385,-0.029065732421875,0.00023312970332469297
815,4,0.002614591969177127,-0.03298194010416666,0.00023079840629144604
816,4,0.002390274778008461,-0.029392099609374996,0.00022849042222853157
817,4,0.007044428028166294,-0.028633035481770836,0.00022620551800624626
818,4,0.0029840010683983564,-0.030038035481770833,0.00022394346282618378
819,4,0.0017945378785952926,-0.03145693359375,0.00022170402819792195
820,4,0.004728514235466719,-0.029628631184895837,0.00021948698791594273
821,4,0.0018825893057510257,-0.029051997070312505,0.0002172921180367833
822,4,0.002192266285419464,-0.03156641886393229,0.00021511919685641544
823,4,0.002503778086975217,-0.028808927408854164,0.00021296800488785128
824,4,0.002353568095713854,-0.029056245117187497,0.00021083832483897278
825,4,0.014006229117512703,-0.029410556640625002,0.00020872994159058306
826,4,0.005893127527087927,-0.03682732259114583,0.00020664264217467722
827,4,0.002234425861388445,-0.0282218359375,0.00020457621575293046
828,4,0.01559529360383749,-0.0277079443359375,0.00020253045359540115
829,4,0.01921909861266613,-0.02948591471354167,0.00020050514905944712
830,4,0.00660724937915802,-0.029583302815755216,0.00019850009756885266
831,4,0.0031852752435952425,-0.03236407063802083,0.00019651509659316413
832,4,0.005220540799200535,-0.029593743489583334,0.0001945499456272325
833,4,0.004489047918468714,-0.028819322916666668,0.00019260444617096018
834,4,0.0024991543032228947,-0.029996865234375,0.0001906784017092506
835,4,0.002748830709606409,-0.034057939453125005,0.00018877161769215807
836,4,0.0025897647719830275,-0.028402526855468745,0.00018688390151523648
837,4,0.0023379153572022915,-0.028613706868489585,0.00018501506250008412
838,4,0.0025017729494720697,-0.031930615234375,0.00018316491187508327
839,4,0.0014972473727539182,-0.03377180989583334,0.00018133326275633242
840,4,0.006949061062186956,-0.028165890299479166,0.0001795199301287691
841,4,0.0030542879831045866,-0.02806654947916667,0.00017772473082748139
842,4,0.005041115451604128,-0.029079215494791668,0.00017594748351920658
843,4,0.002376396907493472,-0.027752522786458334,0.0001741880086840145
844,4,0.002299947664141655,-0.029074316406250002,0.00017244612859717437
845,4,0.0012739471858367324,-0.02816455729166666,0.00017072166731120261
846,4,0.004748034756630659,-0.03138691080729167,0.00016901445063809058
847,4,0.0012253538006916642,-0.031364607747395835,0.00016732430613170966
848,4,0.0035462563391774893,-0.0290613671875,0.00016565106307039255
849,4,0.008432963863015175,-0.024977183430989584,0.00016399455243968863
850,4,0.0015166172524914145,-0.03508227701822916,0.00016235460691529173
851,4,0.003865025704726577,-0.028990757039388023,0.0001607310608461388
852,4,0.0023487620055675507,-0.028330800781249995,0.00015912375023767743
853,4,0.0027051737997680902,-0.02899248372395834,0.00015753251273530066
854,4,0.0009893272072076797,-0.026335068359374998,0.00015595718760794765
855,4,0.0028854534029960632,-0.02642388916015625,0.00015439761573186818
856,4,0.007545463740825653,-0.02945582356770833,0.00015285363957454948
857,4,0.0028182973619550467,-0.02953204752604167,0.000151325103178804
858,4,0.0032414363231509924,-0.027117114664713546,0.00014981185214701595
859,4,0.0014717383310198784,-0.026040887044270836,0.0001483137336255458
860,4,0.0021837970707565546,-0.029208046874999997,0.00014683059628929033
861,4,0.001647810684517026,-0.02716390869140625,0.00014536229032639743
862,4,0.0025596730411052704,-0.028578892618815105,0.00014390866742313346
863,4,0.0038295902777463198,-0.028473157552083333,0.00014246958074890211
864,4,0.0030453887302428484,-0.026109012044270834,0.0001410448849414131
865,4,0.003316078335046768,-0.022487107747395832,0.00013963443609199896
866,4,0.0009462254238314927,-0.025029055582682293,0.00013823809173107898
867,4,0.004876602441072464,-0.028465934244791668,0.0001368557108137682
868,4,0.00402198126539588,-0.026305310872395835,0.0001354871537056305
869,4,0.0020129478070884943,-0.026331695988972982,0.0001341322821685742
870,4,0.0014674499398097396,-0.027987872721354168,0.00013279095934688845
871,4,0.017411833629012108,-0.027586555989583334,0.00013146304975341958
872,4,0.002047265414148569,-0.024047259114583334,0.00013014841925588537
873,4,0.0009734066552482545,-0.02436752311706543,0.00012884693506332652
874,4,0.0019131256267428398,-0.026565545247395836,0.00012755846571269326
875,4,0.004450441803783178,-0.024870806884765628,0.00012628288105556634
876,4,0.0021109995432198048,-0.027166846313476566,0.00012502005224501066
877,4,0.0015508861979469657,-0.024636018880208336,0.00012376985172256056
878,4,0.011749614961445332,-0.02731880208333333,0.00012253215320533496
879,4,0.0028474924620240927,-0.029753013509114582,0.00012130683167328161
880,4,0.0018591240514069796,-0.023058203125,0.00012009376335654879
881,4,0.0012509905500337481,-0.02176884806315104,0.0001188928257229833
882,4,0.0015205690870061517,-0.025037657877604164,0.00011770389746575347
883,4,0.0015978515148162842,-0.0288531103515625,0.00011652685849109594
884,4,0.013485634699463844,-0.028818118489583332,0.00011536158990618497
885,4,0.0017670998349785805,-0.025765266927083332,0.00011420797400712312
886,4,0.013559038750827312,-0.022788247070312503,0.00011306589426705189
887,4,0.0024200775660574436,-0.020350901692708336,0.00011193523532438138
888,4,0.001574675552546978,-0.019398603515625,0.00011081588297113756
889,4,0.0018929785583168268,-0.020678334147135418,0.00010970772414142618
890,4,0.003942934330552816,-0.019230448811848957,0.00010861064690001192
891,4,0.0013113886816427112,-0.018897249348958336,0.0001075245404310118
892,4,0.00439027464017272,-0.01817045247395833,0.00010644929502670169
893,4,0.0030465463642030954,-0.01951470967610677,0.00010538480207643467
894,4,0.0012815132504329085,-0.016433285446166995,0.00010433095405567032
895,4,0.011909999884665012,-0.017675126953125,0.00010328764451511362
896,4,0.0045817079953849316,-0.014001640116373698,0.00010225476806996248
897,4,0.001380543108098209,-0.017830699869791668,0.00010123222038926285
898,4,0.006503005512058735,-0.008466000162760418,0.00010021989818537022
899,4,0.010401852428913116,0.0,9.921769920351652e-05
