,0,1
0,0,0.24472679197788239
1,0,0.016540197655558586
2,0,0.016479065641760826
3,0,0.01663343235850334
4,0,0.01684560999274254
5,0,0.01674674265086651
6,0,0.016063308343291283
7,0,0.016230156645178795
8,0,0.01679927110671997
9,0,0.016709916293621063
10,0,0.01675502024590969
11,0,0.015876177698373795
12,0,0.016449982300400734
13,0,0.01709151268005371
14,0,0.015889670699834824
15,0,0.016516871750354767
16,0,0.01645500771701336
17,0,0.015393521636724472
18,0,0.015346786938607693
19,0,0.016191674396395683
20,0,0.015563423745334148
21,0,0.014463722705841064
22,0,0.01605580374598503
23,0,0.015514875762164593
24,0,0.015957633033394814
25,0,0.015346226282417774
26,0,0.015145909041166306
27,0,0.01585138961672783
28,0,0.015510222874581814
29,0,0.0158296637237072
30,0,0.015010316856205463
31,0,0.01551881618797779
32,0,0.015345790423452854
33,0,0.014634928666055202
34,0,0.01291095744818449
35,0,0.015680773183703423
36,0,0.014789709821343422
37,0,0.015003475360572338
38,0,0.01448486652225256
39,0,0.014410879462957382
40,0,0.014101649634540081
41,0,0.014758031815290451
42,0,0.013790804892778397
43,0,0.014238848350942135
44,0,0.01420762948691845
45,0,0.014353265054523945
46,0,0.013525653630495071
47,0,0.014798467047512531
48,0,0.01546365674585104
49,0,0.014585284516215324
50,0,0.015067198313772678
51,0,0.014439861290156841
52,0,0.016029004007577896
53,0,0.014312672428786755
54,0,0.013620712794363499
55,0,0.01296189520508051
56,0,0.01321905106306076
57,0,0.014140834100544453
58,0,0.012947202660143375
59,0,0.014470736496150494
60,0,0.014572369866073132
61,0,0.014022220857441425
62,0,0.013457483612000942
63,0,0.013715364970266819
64,0,0.014570641331374645
65,0,0.01415078341960907
66,0,0.015228278003633022
67,0,0.015293496660888195
68,0,0.014260070398449898
69,0,0.015003479085862637
70,0,0.014038479886949062
71,0,0.01430897880345583
72,0,0.0144262183457613
73,0,0.013606254011392593
74,0,0.013285284861922264
75,0,0.01419890858232975
76,0,0.012720449827611446
77,0,0.013859514147043228
78,0,0.015068251639604568
79,0,0.013519658707082272
80,0,0.014256159774959087
81,0,0.012993772514164448
82,0,0.012769309803843498
83,0,0.014030036516487598
84,0,0.012875620275735855
85,0,0.01425588596612215
86,0,0.014870334416627884
87,0,0.01410515047609806
88,0,0.013013002462685108
89,0,0.013097728602588177
90,0,0.01218800712376833
91,0,0.013239792548120022
92,0,0.013323817402124405
93,0,0.014025066047906876
94,0,0.014105548150837421
95,0,0.012620522640645504
96,0,0.01379314437508583
97,0,0.01402277685701847
98,0,0.014401504769921303
99,0,0.012987767346203327
100,0,0.014362196438014507
101,0,0.013333842158317566
102,0,0.012756898067891598
103,0,0.013821892440319061
104,0,0.013734519481658936
105,0,0.011512468568980694
106,0,0.01300355140119791
107,0,0.012442722916603088
108,0,0.013039274141192436
109,0,0.012148805893957615
110,0,0.01291453093290329
111,0,0.013157479465007782
112,0,0.013408240862190723
113,0,0.014223014004528522
114,0,0.012743959203362465
115,0,0.012009422294795513
116,0,0.012062806636095047
117,0,0.011762922629714012
118,0,0.012391694821417332
119,0,0.01192664448171854
120,0,0.011732914485037327
121,0,0.012664370238780975
122,0,0.011971423402428627
123,0,0.012327543459832668
124,0,0.012236302718520164
125,0,0.013581477105617523
126,0,0.012677941471338272
127,0,0.011355009861290455
128,0,0.012186631560325623
129,0,0.012733416631817818
130,0,0.012845594435930252
131,0,0.013407627120614052
132,0,0.012659670785069466
133,0,0.011919287964701653
134,0,0.012852896936237812
135,0,0.011932926252484322
136,0,0.012026030570268631
137,0,0.012438942678272724
138,0,0.012288193218410015
139,0,0.009994640946388245
140,0,0.013868474401533604
141,0,0.013228881172835827
142,0,0.013856315053999424
143,0,0.012317142449319363
144,0,0.01309505570679903
145,0,0.012321218848228455
146,0,0.010811328887939453
147,0,0.012502433732151985
148,0,0.011199693195521832
149,0,0.013348097912967205
150,0,0.013517909683287144
151,0,0.01247104350477457
152,0,0.01211068220436573
153,0,0.012223601341247559
154,0,0.012445705011487007
155,0,0.012778722681105137
156,0,0.012056314386427402
157,0,0.011567524634301662
158,0,0.011610564775764942
159,0,0.012738319113850594
160,0,0.011874319985508919
161,0,0.012323922477662563
162,0,0.012780037708580494
163,0,0.011953332461416721
164,0,0.012036427855491638
165,0,0.010862257331609726
166,0,0.010924865491688251
167,0,0.012285315431654453
168,0,0.011040917597711086
169,0,0.012399560771882534
170,0,0.011564829386770725
171,0,0.013585389591753483
172,0,0.013193659484386444
173,0,0.012246401980519295
174,0,0.01282111182808876
175,0,0.01295673381537199
176,0,0.01267073955386877
177,0,0.011603542603552341
178,0,0.01068808976560831
179,0,0.010587360709905624
180,0,0.01196536235511303
181,0,0.010932557284832
182,0,0.01308412291109562
183,0,0.01117894146591425
184,0,0.012055084109306335
185,0,0.011721714399755001
186,0,0.012296629138290882
187,0,0.01266738586127758
188,0,0.010620797984302044
189,0,0.012734498828649521
190,0,0.012518785893917084
191,0,0.012015705928206444
192,0,0.012030381709337234
193,0,0.011839624494314194
194,0,0.011608384549617767
195,0,0.011897279880940914
196,0,0.012213049456477165
197,0,0.012642602436244488
198,0,0.010882635600864887
199,0,0.012349531054496765
200,0,0.011099029332399368
201,0,0.011714790016412735
202,0,0.01243288628757
203,0,0.013251037336885929
204,0,0.011019580066204071
205,0,0.012482444755733013
206,0,0.010429313406348228
207,0,0.013563873246312141
208,0,0.014011869207024574
209,0,0.010799212381243706
210,0,0.011661840602755547
211,0,0.011351581662893295
212,0,0.013001956976950169
213,0,0.012427492998540401
214,0,0.010308240540325642
215,0,0.012323742732405663
216,0,0.011601168662309647
217,0,0.011415562592446804
218,0,0.012155406177043915
219,0,0.011652113869786263
220,0,0.011476311832666397
221,0,0.01044411864131689
222,0,0.013032309710979462
223,0,0.012148980051279068
224,0,0.012693194672465324
225,0,0.012372839264571667
226,0,0.0135478675365448
227,0,0.011155019514262676
228,0,0.010701645165681839
229,0,0.010365602560341358
230,0,0.011884447187185287
231,0,0.01039324514567852
232,0,0.011371416971087456
233,0,0.012564782984554768
234,0,0.013102635741233826
235,0,0.012422928586602211
236,0,0.011064620688557625
237,0,0.010667960159480572
238,0,0.009871256537735462
239,0,0.012554613873362541
240,0,0.01162888016551733
241,0,0.011850527487695217
242,0,0.01291008573025465
243,0,0.013380639255046844
244,0,0.011394783854484558
245,0,0.01251985039561987
246,0,0.01227487064898014
247,0,0.011478706263005733
248,0,0.011899958364665508
249,0,0.011879567988216877
250,0,0.012687699869275093
251,0,0.011760224588215351
252,0,0.013443054631352425
253,0,0.011490974575281143
254,0,0.012433502823114395
255,0,0.009956654161214828
256,0,0.012928962707519531
257,0,0.010924174450337887
258,0,0.012353911064565182
259,0,0.011875537224113941
260,0,0.013355489820241928
261,0,0.010370408184826374
262,0,0.01306470762938261
263,0,0.012563416734337807
264,0,0.012486936524510384
265,0,0.012555007822811604
266,0,0.0118040656670928
267,0,0.011436170898377895
268,0,0.012269445694983006
269,0,0.013243193738162518
270,0,0.013248750939965248
271,0,0.012086828239262104
272,0,0.011965000070631504
273,0,0.01323915459215641
274,0,0.014172651804983616
275,0,0.012644914910197258
276,0,0.013725953176617622
277,0,0.013165893033146858
278,0,0.012905437499284744
279,0,0.01181135792285204
280,0,0.012998693622648716
281,0,0.014279482886195183
282,0,0.011171206831932068
283,0,0.012384776026010513
284,0,0.012613513506948948
285,0,0.015106131322681904
286,0,0.01351810060441494
287,0,0.013444928452372551
288,0,0.015359461307525635
289,0,0.012636133469641209
290,0,0.013186218217015266
291,0,0.012587743811309338
292,0,0.011670405976474285
293,0,0.015504092909395695
294,0,0.011472267098724842
295,0,0.016116764396429062
296,0,0.013807973824441433
297,0,0.014042198657989502
298,0,0.013956076465547085
299,0,0.013985561206936836
300,0,0.01517412904649973
301,0,0.01399257779121399
302,0,0.012595552019774914
303,0,0.013938033021986485
304,0,0.01470969058573246
305,0,0.01318096462637186
306,0,0.014294864609837532
307,0,0.01428257767111063
308,0,0.011911083944141865
309,0,0.012007985264062881
310,0,0.013070453889667988
311,0,0.014651558361947536
312,0,0.01162312924861908
313,0,0.012191095389425755
314,0,0.0166618749499321
315,0,0.013773961924016476
316,0,0.01638518087565899
317,0,0.013701710850000381
318,0,0.014124858193099499
319,0,0.01332901045680046
320,0,0.015188506804406643
321,0,0.015142309479415417
322,0,0.013002955354750156
323,0,0.012829888612031937
324,0,0.0153960594907403
325,0,0.01369670033454895
326,0,0.016006363555788994
327,0,0.01438329741358757
328,0,0.014141825959086418
329,0,0.015266348607838154
330,0,0.01468572299927473
331,0,0.01509057730436325
332,0,0.015963440760970116
333,0,0.013208684511482716
334,0,0.016004225239157677
335,0,0.014530770480632782
336,0,0.014721487648785114
337,0,0.01270218100398779
338,0,0.015232504345476627
339,0,0.014483572915196419
340,0,0.014400074258446693
341,0,0.014459989033639431
342,0,0.014866826124489307
343,0,0.014976915903389454
344,0,0.016340773552656174
345,0,0.016244295984506607
346,0,0.01416418794542551
347,0,0.014807979576289654
348,0,0.014833803288638592
349,0,0.01610070839524269
350,0,0.014977587386965752
351,0,0.017679162323474884
352,0,0.01413784921169281
353,0,0.017110001295804977
354,0,0.014965012669563293
355,0,0.01585150882601738
356,0,0.015493609942495823
357,0,0.01558217965066433
358,0,0.015275029465556145
359,0,0.016182098537683487
360,0,0.01675454154610634
361,0,0.016150295734405518
362,0,0.015997717157006264
363,0,0.01458716206252575
364,0,0.015528863295912743
365,0,0.015385846607387066
366,0,0.019072946161031723
367,0,0.015884321182966232
368,0,0.015868689864873886
369,0,0.01527418103069067
370,0,0.015193128027021885
371,0,0.014210157096385956
372,0,0.01806456595659256
373,0,0.015877099707722664
374,0,0.01467643491923809
375,0,0.01608695648610592
376,0,0.01827269233763218
377,0,0.017034219577908516
378,0,0.01564754918217659
379,0,0.016355210915207863
380,0,0.0153487678617239
381,0,0.01653158664703369
382,0,0.016981910914182663
383,0,0.017191052436828613
384,0,0.0170364398509264
385,0,0.015786873176693916
386,0,0.016560954973101616
387,0,0.01789061538875103
388,0,0.015234366059303284
389,0,0.018011879175901413
390,0,0.015673883259296417
391,0,0.01587228663265705
392,0,0.017452893778681755
393,0,0.016980869695544243
394,0,0.013813259080052376
395,0,0.016901524737477303
396,0,0.015582311898469925
397,0,0.01676391251385212
398,0,0.01538573857396841
399,0,0.018099481239914894
400,0,0.018406765535473824
401,0,0.015360121615231037
402,0,0.018289361149072647
403,0,0.017161794006824493
404,0,0.0179063118994236
405,0,0.015571708790957928
406,0,0.01661740057170391
407,0,0.016615748405456543
408,0,0.016899311915040016
409,0,0.015795864164829254
410,0,0.01669982820749283
411,0,0.016836190596222878
412,0,0.01809707283973694
413,0,0.01849612034857273
414,0,0.01693071611225605
415,0,0.01809566840529442
416,0,0.01777125895023346
417,0,0.015535769052803516
418,0,0.015804903581738472
419,0,0.019252965226769447
420,0,0.016605954617261887
421,0,0.018235521391034126
422,0,0.017293503507971764
423,0,0.01712115854024887
424,0,0.017897116020321846
425,0,0.01677367091178894
426,0,0.01851159892976284
427,0,0.014841816388070583
428,0,0.01558879017829895
429,0,0.015493785962462425
430,0,0.016086429357528687
431,0,0.01912517659366131
432,0,0.01604655385017395
433,0,0.016959214583039284
434,0,0.01576700434088707
435,0,0.017919685691595078
436,0,0.018220892176032066
437,0,0.016475431621074677
438,0,0.01688527502119541
439,0,0.017033249139785767
440,0,0.016109904274344444
441,0,0.018651975318789482
442,0,0.015150698833167553
443,0,0.017778314650058746
444,0,0.016288500279188156
445,0,0.017447395250201225
446,0,0.018285637721419334
447,0,0.01654559187591076
448,0,0.01912630908191204
449,0,0.017904283478856087
450,0,0.017337117344141006
451,0,0.01726645603775978
452,0,0.019681066274642944
453,0,0.01691519469022751
454,0,0.01836257241666317
455,0,0.021342463791370392
456,0,0.01906074956059456
457,0,0.01801791973412037
458,0,0.01830257661640644
459,0,0.01813495345413685
460,0,0.020100226625800133
461,0,0.01710854098200798
462,0,0.01483310665935278
463,0,0.018596449866890907
464,0,0.018326349556446075
465,0,0.018253546208143234
466,0,0.01861204206943512
467,0,0.01738039217889309
468,0,0.017743520438671112
469,0,0.01634216494858265
470,0,0.01829497516155243
471,0,0.015830883756279945
472,0,0.017460491508245468
473,0,0.015747642144560814
474,0,0.017388274893164635
475,0,0.01738881878554821
476,0,0.017876194790005684
477,0,0.0174568984657526
478,0,0.018597617745399475
479,0,0.016681961715221405
480,0,0.018473675474524498
481,0,0.019250238314270973
482,0,0.019115988165140152
483,0,0.016706053167581558
484,0,0.017975252121686935
485,0,0.017072290182113647
486,0,0.01733248680830002
487,0,0.017014222219586372
488,0,0.01628117635846138
489,0,0.016532374545931816
490,0,0.016817830502986908
491,0,0.015029425732791424
492,0,0.01752089150249958
493,0,0.015196430496871471
494,0,0.01626981422305107
495,0,0.016884585842490196
496,0,0.015518872067332268
497,0,0.01899079419672489
498,0,0.014582948759198189
499,0,0.017158448696136475
500,0,0.019587410613894463
501,0,0.017283085733652115
502,0,0.017974430695176125
503,0,0.018396761268377304
504,0,0.01752804033458233
505,0,0.014732875861227512
506,0,0.014350950717926025
507,0,0.015151357278227806
508,0,0.014743070118129253
509,0,0.01613781601190567
510,0,0.015678467229008675
511,0,0.016157161444425583
512,0,0.014841984957456589
513,0,0.01264251209795475
514,0,0.016789788380265236
515,0,0.015064832754433155
516,0,0.014935527928173542
517,0,0.014106729067862034
518,0,0.014939880929887295
519,0,0.011884946376085281
520,0,0.015708230435848236
521,0,0.014561777003109455
522,0,0.014317500405013561
523,0,0.016603954136371613
524,0,0.014889002777636051
525,0,0.015139320865273476
526,0,0.015887901186943054
527,0,0.0161663219332695
528,0,0.010947620496153831
529,0,0.014637441374361515
530,0,0.011189899407327175
531,0,0.011676525697112083
532,0,0.013481361791491508
533,0,0.014529264532029629
534,0,0.013516955077648163
535,0,0.014514809474349022
536,0,0.019776318222284317
537,0,0.014851410873234272
538,0,0.013760427013039589
539,0,0.015776455402374268
540,0,0.01166797149926424
541,0,0.015361238270998001
542,0,0.016553204506635666
543,0,0.01715705730021
544,0,0.015318131074309349
545,0,0.013873755931854248
546,0,0.013006340712308884
547,0,0.018641212955117226
548,0,0.012938479892909527
549,0,0.015460618771612644
550,0,0.014663707464933395
551,0,0.019139016047120094
552,0,0.013980948366224766
553,0,0.01496480219066143
554,0,0.010370105504989624
555,0,0.01542501337826252
556,0,0.015009447932243347
557,0,0.016009103506803513
558,0,0.01208208967000246
559,0,0.01733548566699028
560,0,0.017661413177847862
561,0,0.01310538500547409
562,0,0.014457760378718376
563,0,0.01460092794150114
564,0,0.01224054116755724
565,0,0.017363455146551132
566,0,0.015578987076878548
567,0,0.013015959411859512
568,0,0.011960510164499283
569,0,0.012122032232582569
570,0,0.010530681349337101
571,0,0.01237345952540636
572,0,0.013014627620577812
573,0,0.012346467934548855
574,0,0.013409433886408806
575,0,0.013642814941704273
576,0,0.011718188412487507
577,0,0.011260022409260273
578,0,0.014607702381908894
579,0,0.00987112894654274
580,0,0.01258693914860487
581,0,0.015114709734916687
582,0,0.012302948161959648
583,0,0.011321119032800198
584,0,0.010178575292229652
585,0,0.011928283609449863
586,0,0.01387903280556202
587,0,0.014905680902302265
588,0,0.007053995970636606
589,0,0.011342957615852356
590,0,0.01361854188144207
591,0,0.014024345204234123
592,0,0.012766139581799507
593,0,0.011939054355025291
594,0,0.012025543488562107
595,0,0.008735844865441322
596,0,0.012626743875443935
597,0,0.011572595685720444
598,0,0.010699444450438023
599,0,0.010708783753216267
600,0,0.011100885458290577
601,0,0.011782947927713394
602,0,0.01203988678753376
603,0,0.011281265877187252
604,0,0.014454502612352371
605,0,0.011438839137554169
606,0,0.011465377174317837
607,0,0.009083746932446957
608,0,0.009857860393822193
609,0,0.009405741468071938
610,0,0.013582026585936546
611,0,0.012690034694969654
612,0,0.013106059283018112
613,0,0.012411816976964474
614,0,0.009778501465916634
615,0,0.012215505354106426
616,0,0.009205520153045654
617,0,0.011627561412751675
618,0,0.01057168934494257
619,0,0.013730471022427082
620,0,0.008599414490163326
621,0,0.0110460314899683
622,0,0.009595060721039772
623,0,0.010583174414932728
624,0,0.012718871235847473
625,0,0.01229300256818533
626,0,0.010985742323100567
627,0,0.010158829391002655
628,0,0.009065472520887852
629,0,0.011531766504049301
630,0,0.01030050776898861
631,0,0.011787652969360352
632,0,0.013231281191110611
633,0,0.009274148382246494
634,0,0.010856740176677704
635,0,0.01424222718924284
636,0,0.011818364262580872
637,0,0.010628452524542809
638,0,0.009526818990707397
639,0,0.010607514530420303
640,0,0.011223819106817245
641,0,0.00929079856723547
642,0,0.012148494832217693
643,0,0.012169045396149158
644,0,0.009483338333666325
645,0,0.01294298842549324
646,0,0.011240169405937195
647,0,0.009548910893499851
648,0,0.010685095563530922
649,0,0.013516008853912354
650,0,0.011272541247308254
651,0,0.011794593185186386
652,0,0.01487034559249878
653,0,0.01733092963695526
654,0,0.010218758136034012
655,0,0.016769327223300934
656,0,0.014988269656896591
657,0,0.012036840431392193
658,0,0.012904730625450611
659,0,0.012470795772969723
660,0,0.011709358543157578
661,0,0.011804580688476562
662,0,0.010673928074538708
663,0,0.015111729502677917
664,0,0.013152871280908585
665,0,0.012521673925220966
666,0,0.011735250242054462
667,0,0.010976145975291729
668,0,0.008178791031241417
669,0,0.010345995426177979
670,0,0.009309608489274979
671,0,0.00986215565353632
672,0,0.009855696000158787
673,0,0.01323760487139225
674,0,0.01128372922539711
675,0,0.014825299382209778
676,0,0.010780015029013157
677,0,0.015530820935964584
678,0,0.011455690488219261
679,0,0.010168011300265789
680,0,0.0112882349640131
681,0,0.010281840339303017
682,0,0.010187705978751183
683,0,0.009147739969193935
684,0,0.00846492312848568
685,0,0.011163913644850254
686,0,0.010725531727075577
687,0,0.0098609933629632
688,0,0.010894626379013062
689,0,0.009317123331129551
690,0,0.00756411487236619
691,0,0.009751557372510433
692,0,0.008815928362309933
693,0,0.011659074574708939
694,0,0.014386770315468311
695,0,0.011176761239767075
696,0,0.010210275650024414
697,0,0.01038911659270525
698,0,0.010286565870046616
699,0,0.011489772237837315
700,0,0.013102592900395393
701,0,0.008314717561006546
702,0,0.010788479819893837
703,0,0.008121929131448269
704,0,0.010100645013153553
705,0,0.008679660968482494
706,0,0.00818327721208334
707,0,0.008793172426521778
708,0,0.00977962277829647
709,0,0.010066642425954342
710,0,0.008528106845915318
711,0,0.010201023891568184
712,0,0.009429771453142166
713,0,0.008704856969416142
714,0,0.00919539574533701
715,0,0.011499161832034588
716,0,0.009377633221447468
717,0,0.012060869485139847
718,0,0.010681848041713238
719,0,0.011538034304976463
720,0,0.010840346105396748
721,0,0.008634138852357864
722,0,0.009710496291518211
723,0,0.007708799559623003
724,0,0.008614993654191494
725,0,0.00916778389364481
726,0,0.010237757116556168
727,0,0.008848986588418484
728,0,0.008459222503006458
729,0,0.009224411100149155
730,0,0.009019567631185055
731,0,0.010562075302004814
732,0,0.008787880651652813
733,0,0.009001336991786957
734,0,0.008534060791134834
735,0,0.00945872999727726
736,0,0.00849209539592266
737,0,0.00927420798689127
738,0,0.01048478577286005
739,0,0.009315942414104939
740,0,0.010246293619275093
741,0,0.00826584454625845
742,0,0.008647790178656578
743,0,0.0098718935623765
744,0,0.007360585033893585
745,0,0.009640945121645927
746,0,0.008745107799768448
747,0,0.009300305508077145
748,0,0.008311270736157894
749,0,0.010144469328224659
750,0,0.009395642206072807
751,0,0.011028588749468327
752,0,0.011208822019398212
753,0,0.0077086687088012695
754,0,0.010320816189050674
755,0,0.008141676895320415
756,0,0.007488801144063473
757,0,0.009118138812482357
758,0,0.011889178305864334
759,0,0.009218108840286732
760,0,0.00986950471997261
761,0,0.008324122056365013
762,0,0.00916342157870531
763,0,0.009095104411244392
764,0,0.008506338112056255
765,0,0.009236922487616539
766,0,0.01011030562222004
767,0,0.009390550665557384
768,0,0.00818847306072712
769,0,0.010016183368861675
770,0,0.007716078776866198
771,0,0.009117827750742435
772,0,0.010884353891015053
773,0,0.00916832871735096
774,0,0.01192913856357336
775,0,0.008859665133059025
776,0,0.009298715740442276
777,0,0.007804302964359522
778,0,0.008714523166418076
779,0,0.008774562738835812
780,0,0.00960842426866293
781,0,0.0090208500623703
782,0,0.007503808476030827
783,0,0.00930013507604599
784,0,0.010311037302017212
785,0,0.009231613017618656
786,0,0.009803852997720242
787,0,0.010037127882242203
788,0,0.008321416564285755
789,0,0.01224859245121479
790,0,0.01200867723673582
791,0,0.007808887865394354
792,0,0.00814582034945488
793,0,0.008850731886923313
794,0,0.009068962186574936
795,0,0.00895539578050375
796,0,0.007723631802946329
797,0,0.010610690340399742
798,0,0.006802211049944162
799,0,0.010158410295844078
800,0,0.010783500038087368
801,0,0.009147705510258675
802,0,0.00959350448101759
803,0,0.008973658084869385
804,0,0.009244072251021862
805,0,0.0083526112139225
806,0,0.009204747155308723
807,0,0.008458849973976612
808,0,0.00873694010078907
809,0,0.009767772629857063
810,0,0.009471113793551922
811,0,0.009279418736696243
812,0,0.009426995180547237
813,0,0.009611374698579311
814,0,0.009433910250663757
815,0,0.010061574168503284
816,0,0.008156534284353256
817,0,0.009601403027772903
818,0,0.0070726764388382435
819,0,0.010929210111498833
820,0,0.00955943576991558
821,0,0.009862435050308704
822,0,0.010252732783555984
823,0,0.008494892157614231
824,0,0.009377160109579563
825,0,0.009321845136582851
826,0,0.008276606909930706
827,0,0.009811684489250183
828,0,0.009798882529139519
829,0,0.009038075804710388
830,0,0.008840053342282772
831,0,0.009353364817798138
832,0,0.007893144153058529
833,0,0.00914354994893074
834,0,0.009665791876614094
835,0,0.01015023235231638
836,0,0.007480695843696594
837,0,0.00890343263745308
838,0,0.008317462168633938
839,0,0.007826898247003555
840,0,0.007463410962373018
841,0,0.010558148846030235
842,0,0.009625717997550964
843,0,0.011049628257751465
844,0,0.009350001811981201
845,0,0.008983130566775799
846,0,0.009776589460670948
847,0,0.008391973562538624
848,0,0.008027451112866402
849,0,0.00885497685521841
850,0,0.009905125014483929
851,0,0.008215050213038921
852,0,0.009439785964787006
853,0,0.00898063275963068
854,0,0.009569007903337479
855,0,0.008928501978516579
856,0,0.0073989699594676495
857,0,0.0076257698237895966
858,0,0.008059443905949593
859,0,0.010228651575744152
860,0,0.008470053784549236
861,0,0.008030449971556664
862,0,0.00952103640884161
863,0,0.00799329299479723
864,0,0.007889426313340664
865,0,0.009877683594822884
866,0,0.007409959100186825
867,0,0.010444164276123047
868,0,0.009639675728976727
869,0,0.00879708118736744
870,0,0.010369979776442051
871,0,0.007841094397008419
872,0,0.009530443698167801
873,0,0.007918979041278362
874,0,0.007671109400689602
875,0,0.009173385798931122
876,0,0.011163687333464622
877,0,0.009921380318701267
878,0,0.00837903656065464
879,0,0.008426640182733536
880,0,0.008826888166368008
881,0,0.008491317741572857
882,0,0.0086806146427989
883,0,0.008872903883457184
884,0,0.007610047701746225
885,0,0.009126749821007252
886,0,0.010263078846037388
887,0,0.007468522060662508
888,0,0.010345038957893848
889,0,0.008815818466246128
890,0,0.007618074771016836
891,0,0.011000208556652069
892,0,0.009296067990362644
893,0,0.00775984488427639
894,0,0.009106718935072422
895,0,0.008692950010299683
896,0,0.009503011591732502
897,0,0.008352203294634819
898,0,0.010332859121263027
899,0,0.008511423133313656
900,0,0.009414591826498508
901,0,0.00870620645582676
902,0,0.009076226502656937
903,0,0.008950899355113506
904,0,0.012005836702883244
905,0,0.009877542033791542
906,0,0.009434756822884083
907,0,0.007843834348022938
908,0,0.009166545234620571
909,0,0.009687287732958794
910,0,0.009956027381122112
911,0,0.008118326775729656
912,0,0.011175298132002354
913,0,0.011284846812486649
914,0,0.009418979287147522
915,0,0.009075216948986053
916,0,0.011490533128380775
917,0,0.011000855825841427
918,0,0.008099251426756382
919,0,0.008747958578169346
920,0,0.009024213068187237
921,0,0.007414935156702995
922,0,0.010938499122858047
923,0,0.006467690225690603
924,0,0.010538109578192234
925,0,0.009758373722434044
926,0,0.009864415973424911
927,0,0.009046982042491436
928,0,0.0077461195178329945
929,0,0.008686046116054058
930,0,0.009463394992053509
931,0,0.008007548749446869
932,0,0.008150110952556133
933,0,0.00830849539488554
934,0,0.009039736352860928
935,0,0.008166364394128323
936,0,0.00876737479120493
937,0,0.008934585377573967
938,0,0.009401889517903328
939,0,0.00876892264932394
940,0,0.011715521104633808
941,0,0.01029684953391552
942,0,0.01079609990119934
943,0,0.009425259195268154
944,0,0.010489897802472115
945,0,0.0090653570368886
946,0,0.008653929457068443
947,0,0.008931851014494896
948,0,0.008534198626875877
949,0,0.012582015246152878
950,0,0.01028815470635891
951,0,0.010277440771460533
952,0,0.008471345528960228
953,0,0.007845818065106869
954,0,0.006953885778784752
955,0,0.00866400171071291
956,0,0.011953511275351048
957,0,0.01053602434694767
958,0,0.009267983958125114
959,0,0.007570329587906599
960,0,0.008764765225350857
961,0,0.00847387034446001
962,0,0.009745839051902294
963,0,0.008751659654080868
964,0,0.011597965843975544
965,0,0.008129199966788292
966,0,0.01101490668952465
967,0,0.009220115840435028
968,0,0.008905165828764439
969,0,0.008852008730173111
970,0,0.00953967310488224
971,0,0.009298289194703102
972,0,0.010529655031859875
973,0,0.010261098854243755
974,0,0.009428959339857101
975,0,0.009533675387501717
976,0,0.0106081273406744
977,0,0.007372511085122824
978,0,0.009649142622947693
979,0,0.00923846010118723
980,0,0.010015146806836128
981,0,0.007509783376008272
982,0,0.007891938090324402
983,0,0.010066142305731773
984,0,0.009919705800712109
985,0,0.009757939726114273
986,0,0.009939546696841717
987,0,0.008748775348067284
988,0,0.008796795271337032
989,0,0.009236187674105167
990,0,0.007680857088416815
991,0,0.009641686454415321
992,0,0.00920952670276165
993,0,0.009399707429111004
994,0,0.0112850246950984
995,0,0.009018496610224247
996,0,0.010120810940861702
997,0,0.010555312037467957
998,0,0.010066322050988674
999,0,0.007757759653031826
1000,0,0.009128457866609097
1001,0,0.00896863080561161
1002,0,0.009325898252427578
1003,0,0.00781871285289526
1004,0,0.00957296509295702
1005,0,0.010384571738541126
1006,0,0.008463224396109581
1007,0,0.008964999578893185
1008,0,0.008839642629027367
1009,0,0.008973395451903343
1010,0,0.009968649595975876
1011,0,0.009760427288711071
1012,0,0.008641286753118038
1013,0,0.009760960936546326
1014,0,0.008400790393352509
1015,0,0.010440466925501823
1016,0,0.00958190206438303
1017,0,0.011149797588586807
1018,0,0.010374138131737709
1019,0,0.01043627504259348
1020,0,0.009665184654295444
1021,0,0.010848755948245525
1022,0,0.0102545116096735
1023,0,0.009746437892317772
1024,0,0.01186825055629015
1025,0,0.009381400421261787
1026,0,0.009266875684261322
1027,0,0.008657238446176052
1028,0,0.007558742538094521
1029,0,0.008921576663851738
1030,0,0.010237686336040497
1031,0,0.01011450495570898
1032,0,0.00993579812347889
1033,0,0.011646391823887825
1034,0,0.009461519308388233
1035,0,0.007777421735227108
1036,0,0.010988734662532806
1037,0,0.009592116810381413
1038,0,0.00889575481414795
1039,0,0.008173497393727303
1040,0,0.01043267548084259
1041,0,0.010004553943872452
1042,0,0.012045175768435001
1043,0,0.009294359013438225
1044,0,0.012837489135563374
1045,0,0.008665215224027634
1046,0,0.010644841939210892
1047,0,0.01121068000793457
1048,0,0.010504919104278088
1049,0,0.00864618644118309
1050,0,0.008945743553340435
1051,0,0.010149018839001656
1052,0,0.009353043511509895
1053,0,0.009602047502994537
1054,0,0.009631139226257801
1055,0,0.00865716952830553
1056,0,0.010920810513198376
1057,0,0.009641765616834164
1058,0,0.010074636898934841
1059,0,0.009601452387869358
1060,0,0.009446753188967705
1061,0,0.011216429062187672
1062,0,0.007238239515572786
1063,0,0.009547377936542034
1064,0,0.009321584366261959
1065,0,0.01011443231254816
1066,0,0.009698698297142982
1067,0,0.010224048048257828
1068,0,0.009497248567640781
1069,0,0.011408235877752304
1070,0,0.010021815076470375
1071,0,0.008552462793886662
1072,0,0.009431730024516582
1073,0,0.009850282222032547
1074,0,0.008467894978821278
1075,0,0.008754954673349857
1076,0,0.009849348105490208
1077,0,0.009525490924715996
1078,0,0.010561876930296421
1079,0,0.007776064332574606
1080,0,0.009321410208940506
1081,0,0.01183939166367054
1082,0,0.009302613325417042
1083,0,0.008973859250545502
1084,0,0.010149849578738213
1085,0,0.007150582037866116
1086,0,0.010068572126328945
1087,0,0.010093392804265022
1088,0,0.010115637443959713
1089,0,0.0088804354891181
1090,0,0.0101089496165514
1091,0,0.009726079180836678
1092,0,0.008672437630593777
1093,0,0.009883415885269642
1094,0,0.011266849003732204
1095,0,0.009687322191894054
1096,0,0.009267080575227737
1097,0,0.011042364872992039
1098,0,0.00970916636288166
1099,0,0.012764496728777885
1100,0,0.008810566738247871
1101,0,0.009420035406947136
1102,0,0.01053725928068161
1103,0,0.00907397735863924
1104,0,0.008775487542152405
1105,0,0.011791745200753212
1106,0,0.010811184532940388
1107,0,0.007863765582442284
1108,0,0.01152538787573576
1109,0,0.010660027153789997
1110,0,0.010355975478887558
1111,0,0.011833855882287025
1112,0,0.009934427216649055
1113,0,0.011033549904823303
1114,0,0.01128149963915348
1115,0,0.010779548436403275
1116,0,0.010445503517985344
1117,0,0.013044026680290699
1118,0,0.008943222463130951
1119,0,0.010187031701207161
1120,0,0.010144850239157677
1121,0,0.009855253621935844
1122,0,0.010961414314806461
1123,0,0.00956778321415186
1124,0,0.010463317856192589
1125,0,0.00956176221370697
1126,0,0.01042891200631857
1127,0,0.01035898458212614
1128,0,0.011392575688660145
1129,0,0.010108761489391327
1130,0,0.011750860139727592
1131,0,0.008965376764535904
1132,0,0.009592087008059025
1133,0,0.008843463845551014
1134,0,0.010489992797374725
1135,0,0.010451135225594044
1136,0,0.009772823192179203
1137,0,0.011004731059074402
1138,0,0.010542640462517738
1139,0,0.011294241063296795
1140,0,0.009563381783664227
1141,0,0.009776806458830833
1142,0,0.00887655932456255
1143,0,0.009514588862657547
1144,0,0.01112142764031887
1145,0,0.011387462727725506
1146,0,0.008414722047746181
1147,0,0.010404912754893303
1148,0,0.009754929691553116
1149,0,0.01014035101979971
1150,0,0.01021199207752943
1151,0,0.008464670740067959
1152,0,0.008955211378633976
1153,0,0.010898752138018608
1154,0,0.009803957305848598
1155,0,0.010168280452489853
1156,0,0.011084208264946938
1157,0,0.009300850331783295
1158,0,0.009426095522940159
1159,0,0.01121238712221384
1160,0,0.011957237496972084
1161,0,0.011842412874102592
1162,0,0.01144052017480135
1163,0,0.009736318141222
1164,0,0.01051875576376915
1165,0,0.009176625870168209
1166,0,0.010988705791532993
1167,0,0.010677997954189777
1168,0,0.010187904350459576
1169,0,0.011967354454100132
1170,0,0.01210651732981205
1171,0,0.009575438685715199
1172,0,0.012019244953989983
1173,0,0.009519025683403015
1174,0,0.010553387925028801
1175,0,0.010189523920416832
1176,0,0.011103441007435322
1177,0,0.011820090934634209
1178,0,0.010587062686681747
1179,0,0.010631641373038292
1180,0,0.012392408214509487
1181,0,0.011030135676264763
1182,0,0.009099858812987804
1183,0,0.009520107880234718
1184,0,0.01075973641127348
1185,0,0.012103044427931309
1186,0,0.009915797039866447
1187,0,0.007927336730062962
1188,0,0.010481861419975758
1189,0,0.010074155405163765
1190,0,0.010852864943444729
1191,0,0.011561562307178974
1192,0,0.012128707021474838
1193,0,0.01307863462716341
1194,0,0.009295735508203506
1195,0,0.01203764695674181
1196,0,0.0093443114310503
1197,0,0.010458034463226795
1198,0,0.010247601196169853
1199,0,0.009425088763237
1200,0,0.012008900754153728
1201,0,0.011532261036336422
1202,0,0.009919258765876293
1203,0,0.012182665057480335
1204,0,0.010506661608815193
1205,0,0.012287387624382973
1206,0,0.01063645351678133
1207,0,0.011422582902014256
1208,0,0.01240614615380764
1209,0,0.009675608947873116
1210,0,0.01193946786224842
1211,0,0.01226877886801958
1212,0,0.011610661633312702
1213,0,0.011475187726318836
1214,0,0.012021823786199093
1215,0,0.010794329456984997
1216,0,0.01010285597294569
1217,0,0.010769692249596119
1218,0,0.011399662122130394
1219,0,0.011905133724212646
1220,0,0.009077797643840313
1221,0,0.01007525622844696
1222,0,0.014068732969462872
1223,0,0.010990509763360023
1224,0,0.010735995136201382
1225,0,0.010805204510688782
1226,0,0.011619670316576958
1227,0,0.009957714937627316
1228,0,0.0090345349162817
1229,0,0.010436823591589928
1230,0,0.011142458766698837
1231,0,0.009289637207984924
1232,0,0.011203540489077568
1233,0,0.010812284424901009
1234,0,0.010241632349789143
1235,0,0.008980656042695045
1236,0,0.011164833791553974
1237,0,0.011371328495442867
1238,0,0.010397171601653099
1239,0,0.012277426198124886
1240,0,0.011929740197956562
1241,0,0.010968220420181751
1242,0,0.01390538178384304
1243,0,0.009682508185505867
1244,0,0.012287860736250877
1245,0,0.010895703919231892
1246,0,0.010038449428975582
1247,0,0.011509761214256287
1248,0,0.009055585600435734
1249,0,0.011130699887871742
1250,0,0.012020997703075409
1251,0,0.010705600492656231
1252,0,0.011882773600518703
1253,0,0.009251759387552738
1254,0,0.01222630962729454
1255,0,0.013344630599021912
1256,0,0.010406729765236378
1257,0,0.009286288172006607
1258,0,0.010720103979110718
1259,0,0.011392160318791866
1260,0,0.01098892092704773
1261,0,0.011188383214175701
1262,0,0.011622493155300617
1263,0,0.009909776970744133
1264,0,0.011282490566372871
1265,0,0.010745682753622532
1266,0,0.01101756189018488
1267,0,0.009297600947320461
1268,0,0.008920400403439999
1269,0,0.010170063935220242
1270,0,0.011572105810046196
1271,0,0.012318619526922703
1272,0,0.011161545291543007
1273,0,0.00900316797196865
1274,0,0.010343203321099281
1275,0,0.009242534637451172
1276,0,0.010115375742316246
1277,0,0.008983560837805271
1278,0,0.011221100576221943
1279,0,0.01181289367377758
1280,0,0.011454092338681221
1281,0,0.010541503317654133
1282,0,0.010105559602379799
1283,0,0.012678985483944416
1284,0,0.012470260262489319
1285,0,0.010072706267237663
1286,0,0.009077821858227253
1287,0,0.010570049285888672
1288,0,0.010423087514936924
1289,0,0.01156620029360056
1290,0,0.013087856583297253
1291,0,0.011315281502902508
1292,0,0.013488282449543476
1293,0,0.00962503906339407
1294,0,0.012459109537303448
1295,0,0.01188126765191555
1296,0,0.011085936799645424
1297,0,0.011829203926026821
1298,0,0.009988357312977314
1299,0,0.01158788613975048
1300,0,0.009036418050527573
1301,0,0.011203869245946407
1302,0,0.010131170973181725
1303,0,0.009360441006720066
1304,0,0.011552424170076847
1305,0,0.011399861425161362
1306,0,0.014287895523011684
1307,0,0.00920933298766613
1308,0,0.011645302176475525
1309,0,0.013622093945741653
1310,0,0.011677850037813187
1311,0,0.012732787057757378
1312,0,0.011376945301890373
1313,0,0.013731616549193859
1314,0,0.011551650241017342
1315,0,0.01021614484488964
1316,0,0.011306431144475937
1317,0,0.010093729011714458
1318,0,0.0106789730489254
1319,0,0.010843670926988125
1320,0,0.011023220606148243
1321,0,0.009282072074711323
1322,0,0.010843668133020401
1323,0,0.010171815752983093
1324,0,0.01357259601354599
1325,0,0.009691690094769001
1326,0,0.013772737234830856
1327,0,0.010387132875621319
1328,0,0.012638566084206104
1329,0,0.013508283533155918
1330,0,0.0127376364544034
1331,0,0.010987971909344196
1332,0,0.011469108983874321
1333,0,0.009414443746209145
1334,0,0.013063499704003334
1335,0,0.013850639574229717
1336,0,0.011503529734909534
1337,0,0.013435577042400837
1338,0,0.011453378945589066
1339,0,0.010316595435142517
1340,0,0.012492811307311058
1341,0,0.013324379920959473
1342,0,0.012079651467502117
1343,0,0.010972518473863602
1344,0,0.008907690644264221
1345,0,0.010645770467817783
1346,0,0.013530646450817585
1347,0,0.010073214769363403
1348,0,0.011151948012411594
1349,0,0.011050946079194546
1350,0,0.011132943443953991
1351,0,0.014255346730351448
1352,0,0.013026365078985691
1353,0,0.011806778609752655
1354,0,0.012195548973977566
1355,0,0.013372589834034443
1356,0,0.01267356239259243
1357,0,0.013277227990329266
1358,0,0.012333767488598824
1359,0,0.013166284188628197
1360,0,0.012025997042655945
1361,0,0.01045520044863224
1362,0,0.01004660315811634
1363,0,0.011075044982135296
1364,0,0.010992116294801235
1365,0,0.011866702698171139
1366,0,0.012779267504811287
1367,0,0.011112315580248833
1368,0,0.010133572854101658
1369,0,0.011789062060415745
1370,0,0.010876947082579136
1371,0,0.012102226726710796
1372,0,0.015006129629909992
1373,0,0.012158145196735859
1374,0,0.012669467367231846
1375,0,0.011167462915182114
1376,0,0.012537183240056038
1377,0,0.012511267326772213
1378,0,0.012681868858635426
1379,0,0.011101772077381611
1380,0,0.01274152472615242
1381,0,0.012567117810249329
1382,0,0.012272232212126255
1383,0,0.01133542601019144
1384,0,0.011073051020503044
1385,0,0.013616576790809631
1386,0,0.0122202904894948
1387,0,0.012170527130365372
1388,0,0.012043293565511703
1389,0,0.009650079533457756
1390,0,0.01084810495376587
1391,0,0.010812363587319851
1392,0,0.013320522382855415
1393,0,0.011875584721565247
1394,0,0.011168837547302246
1395,0,0.012044710107147694
1396,0,0.012543469667434692
1397,0,0.01224052906036377
1398,0,0.012382391840219498
1399,0,0.011146921664476395
1400,0,0.013083825819194317
1401,0,0.011822765693068504
1402,0,0.010578527115285397
1403,0,0.014480609446763992
1404,0,0.011695539578795433
1405,0,0.0104225417599082
1406,0,0.013680139556527138
1407,0,0.011354980058968067
1408,0,0.012389923445880413
1409,0,0.012242250144481659
1410,0,0.009974909014999866
1411,0,0.011952187865972519
1412,0,0.010836154222488403
1413,0,0.015006663277745247
1414,0,0.012670923955738544
1415,0,0.010640929453074932
1416,0,0.012827928178012371
1417,0,0.011923348531126976
1418,0,0.011535003781318665
1419,0,0.012390666641294956
1420,0,0.012362830340862274
1421,0,0.01120581105351448
1422,0,0.009667436592280865
1423,0,0.014514444395899773
1424,0,0.012113926000893116
1425,0,0.012525095604360104
1426,0,0.013491230085492134
1427,0,0.011445749551057816
1428,0,0.012802843935787678
1429,0,0.012613642029464245
1430,0,0.010795376263558865
1431,0,0.013598762452602386
1432,0,0.01315229944884777
1433,0,0.010166986845433712
1434,0,0.01217346265912056
1435,0,0.010208944790065289
1436,0,0.011976907029747963
1437,0,0.011131231673061848
1438,0,0.012981445528566837
1439,0,0.013792715966701508
1440,0,0.012359005399048328
1441,0,0.009656938724219799
1442,0,0.015316860750317574
1443,0,0.014156028628349304
1444,0,0.01088961586356163
1445,0,0.012588421814143658
1446,0,0.010805832222104073
1447,0,0.01380924042314291
1448,0,0.012881739065051079
1449,0,0.011280801147222519
1450,0,0.01361437514424324
1451,0,0.01342739537358284
1452,0,0.01349604781717062
1453,0,0.014624354429543018
1454,0,0.012583217583596706
1455,0,0.012315968982875347
1456,0,0.01116170734167099
1457,0,0.014185771346092224
1458,0,0.014099802821874619
1459,0,0.012937457300722599
1460,0,0.014177622273564339
1461,0,0.012374518439173698
1462,0,0.01022148784250021
1463,0,0.013422983698546886
1464,0,0.0142750209197402
1465,0,0.011381270363926888
1466,0,0.010010047815740108
1467,0,0.013312389142811298
1468,0,0.014565374702215195
1469,0,0.012479349970817566
1470,0,0.011805453337728977
1471,0,0.011268355883657932
1472,0,0.011906498111784458
1473,0,0.013018397614359856
1474,0,0.010236541740596294
1475,0,0.012126710265874863
1476,0,0.011448272503912449
1477,0,0.013319130055606365
1478,0,0.014870785176753998
1479,0,0.013248645700514317
1480,0,0.009787337854504585
1481,0,0.011535882949829102
1482,0,0.012570931576192379
1483,0,0.0121848676353693
1484,0,0.011611191555857658
1485,0,0.011255452409386635
1486,0,0.011643905192613602
1487,0,0.011853492818772793
1488,0,0.01194921787828207
1489,0,0.01376929972320795
1490,0,0.012113384902477264
1491,0,0.010560317896306515
1492,0,0.01186479814350605
1493,0,0.013680532574653625
1494,0,0.014195634052157402
1495,0,0.013736214488744736
1496,0,0.014906378462910652
1497,0,0.013309036381542683
1498,0,0.015148167498409748
1499,0,0.011650781147181988
1500,0,0.015303178690373898
1501,0,0.01480675209313631
1502,0,0.014202415943145752
1503,0,0.01315592136234045
1504,0,0.011076963506639004
1505,0,0.011348851956427097
1506,0,0.010346030816435814
1507,0,0.014047597534954548
1508,0,0.013400518335402012
1509,0,0.013200430199503899
1510,0,0.013287859037518501
1511,0,0.01232032012194395
1512,0,0.013498103246092796
1513,0,0.01405439805239439
1514,0,0.015392028726637363
1515,0,0.014661326073110104
1516,0,0.014073329046368599
1517,0,0.014232956804335117
1518,0,0.013904194347560406
1519,0,0.010801968164741993
1520,0,0.013149846345186234
1521,0,0.013030501082539558
1522,0,0.013979305513203144
1523,0,0.014873415231704712
1524,0,0.015590345486998558
1525,0,0.013432721607387066
1526,0,0.012645446695387363
1527,0,0.013170383870601654
1528,0,0.011555169709026814
1529,0,0.014186009764671326
1530,0,0.014656235463917255
1531,0,0.014270549640059471
1532,0,0.013922657817602158
1533,0,0.014707996509969234
1534,0,0.012706175446510315
1535,0,0.01210397481918335
1536,0,0.012423686683177948
1537,0,0.014766976237297058
1538,0,0.01557119470089674
1539,0,0.011436142958700657
1540,0,0.01330764964222908
1541,0,0.012661585584282875
1542,0,0.01330608781427145
1543,0,0.011893562972545624
1544,0,0.014781544916331768
1545,0,0.01417642179876566
1546,0,0.014499081298708916
1547,0,0.0111440634354949
1548,0,0.014687368646264076
1549,0,0.015413358807563782
1550,0,0.014119471423327923
1551,0,0.011689169332385063
1552,0,0.012939734384417534
1553,0,0.014029398560523987
1554,0,0.013101249933242798
1555,0,0.012232725508511066
1556,0,0.01430700533092022
1557,0,0.011673621833324432
1558,0,0.014070081524550915
1559,0,0.014090193435549736
1560,0,0.01237844955176115
1561,0,0.013725731521844864
1562,0,0.0111043406650424
1563,0,0.01416682731360197
1564,0,0.011096787638962269
1565,0,0.011288419365882874
1566,0,0.014032069593667984
1567,0,0.012429988943040371
1568,0,0.014440750703215599
1569,0,0.01280712615698576
1570,0,0.015092297457158566
1571,0,0.011644949205219746
1572,0,0.013257525861263275
1573,0,0.013226404786109924
1574,0,0.013102617114782333
1575,0,0.012786421924829483
1576,0,0.014525617472827435
1577,0,0.015435389243066311
1578,0,0.011740420013666153
1579,0,0.012821164913475513
1580,0,0.013174209743738174
1581,0,0.012259956449270248
1582,0,0.011243421584367752
1583,0,0.013254758901894093
1584,0,0.013257334940135479
1585,0,0.01696172170341015
1586,0,0.013015761971473694
1587,0,0.01187084149569273
1588,0,0.015189295634627342
1589,0,0.013694667257368565
1590,0,0.011912858113646507
1591,0,0.012369389645755291
1592,0,0.012420565821230412
1593,0,0.010920392349362373
1594,0,0.011069152504205704
1595,0,0.014789357781410217
1596,0,0.01093850377947092
1597,0,0.01221899501979351
1598,0,0.014205836690962315
1599,0,0.015059594996273518
1600,0,0.011593524366617203
1601,0,0.01454224344342947
1602,0,0.011695564724504948
1603,0,0.01196789275854826
1604,0,0.0132294911891222
1605,0,0.011492427438497543
1606,0,0.011156930588185787
1607,0,0.010822250507771969
1608,0,0.011816952377557755
1609,0,0.014982902444899082
1610,0,0.015515490435063839
1611,0,0.015594584867358208
1612,0,0.013714115135371685
1613,0,0.012204308062791824
1614,0,0.0110770957544446
1615,0,0.013145031407475471
1616,0,0.010356737300753593
1617,0,0.012576131150126457
1618,0,0.012502960860729218
1619,0,0.01462632603943348
1620,0,0.012997282668948174
1621,0,0.012514576315879822
1622,0,0.01351936999708414
1623,0,0.014252428896725178
1624,0,0.011062812991440296
1625,0,0.012103033252060413
1626,0,0.011674375273287296
1627,0,0.01264131534844637
1628,0,0.013899484649300575
1629,0,0.012008813209831715
1630,0,0.014695853926241398
1631,0,0.01206777524203062
1632,0,0.013935459777712822
1633,0,0.01294972188770771
1634,0,0.012314222753047943
1635,0,0.013681057840585709
1636,0,0.014257535338401794
1637,0,0.014254742302000523
1638,0,0.013715828768908978
1639,0,0.013507204130291939
1640,0,0.0144355408847332
1641,0,0.01299938652664423
1642,0,0.01406545378267765
1643,0,0.01373338419944048
1644,0,0.013534197583794594
1645,0,0.015212423168122768
1646,0,0.015685902908444405
1647,0,0.01370184775441885
1648,0,0.01445695385336876
1649,0,0.012354916892945766
1650,0,0.012906589545309544
1651,0,0.013309795409440994
1652,0,0.015445850789546967
1653,0,0.012019668705761433
1654,0,0.013381882570683956
1655,0,0.013762339949607849
1656,0,0.013709244318306446
1657,0,0.015154273249208927
1658,0,0.012046546675264835
1659,0,0.013730266131460667
1660,0,0.013126918114721775
1661,0,0.012848243117332458
1662,0,0.016061997041106224
1663,0,0.012320123612880707
1664,0,0.011136132292449474
1665,0,0.013284951448440552
1666,0,0.012896036729216576
1667,0,0.013064618222415447
1668,0,0.013586878776550293
1669,0,0.013357747346162796
1670,0,0.013186590746045113
1671,0,0.013192279264330864
1672,0,0.01275541540235281
1673,0,0.012953200377523899
1674,0,0.012424871325492859
1675,0,0.011879620142281055
1676,0,0.014777464792132378
1677,0,0.012168747372925282
1678,0,0.014154202304780483
1679,0,0.012619574554264545
1680,0,0.012700405903160572
1681,0,0.01302085816860199
1682,0,0.014701965264976025
1683,0,0.013008012436330318
1684,0,0.01401505433022976
1685,0,0.014212679117918015
1686,0,0.016157932579517365
1687,0,0.012185566127300262
1688,0,0.014901516027748585
1689,0,0.013178221881389618
1690,0,0.012682461179792881
1691,0,0.015565146692097187
1692,0,0.013499081134796143
1693,0,0.013128873892128468
1694,0,0.013913411647081375
1695,0,0.016611626371741295
1696,0,0.011128910817205906
1697,0,0.014146389439702034
1698,0,0.012675687670707703
1699,0,0.013978678733110428
1700,0,0.011616958305239677
1701,0,0.015932032838463783
1702,0,0.013373787514865398
1703,0,0.013693319633603096
1704,0,0.011661465279757977
1705,0,0.01534230075776577
1706,0,0.012609877623617649
1707,0,0.01241301279515028
1708,0,0.013925635255873203
1709,0,0.011662773787975311
1710,0,0.011984067037701607
1711,0,0.012287411838769913
1712,0,0.013509831391274929
1713,0,0.013071713969111443
1714,0,0.012190606445074081
1715,0,0.012100445106625557
1716,0,0.0147861884906888
1717,0,0.010715756565332413
1718,0,0.01341161783784628
1719,0,0.014479282312095165
1720,0,0.012993430718779564
1721,0,0.01277764979749918
1722,0,0.015179264359176159
1723,0,0.015503711067140102
1724,0,0.012599756009876728
1725,0,0.012565468437969685
1726,0,0.013168780133128166
1727,0,0.012204439379274845
1728,0,0.01575443521142006
1729,0,0.012601635418832302
1730,0,0.011609797365963459
1731,0,0.011959916912019253
1732,0,0.011746947653591633
1733,0,0.014406840316951275
1734,0,0.011862069368362427
1735,0,0.014391973614692688
1736,0,0.013491060584783554
1737,0,0.01199281308799982
1738,0,0.013450045138597488
1739,0,0.01340201310813427
1740,0,0.015659643337130547
1741,0,0.012004074640572071
1742,0,0.012934308499097824
1743,0,0.012594394385814667
1744,0,0.012794115580618382
1745,0,0.013411413878202438
1746,0,0.011967501603066921
1747,0,0.011509284377098083
1748,0,0.015597616322338581
1749,0,0.013444487936794758
1750,0,0.013034207746386528
1751,0,0.011328909546136856
1752,0,0.01333494670689106
1753,0,0.009928149171173573
1754,0,0.014834212139248848
1755,0,0.01244191825389862
1756,0,0.009939550422132015
1757,0,0.012969665229320526
1758,0,0.01226839143782854
1759,0,0.015568275935947895
1760,0,0.013947921805083752
1761,0,0.013438007794320583
1762,0,0.010897526517510414
1763,0,0.012125374749302864
1764,0,0.011087979190051556
1765,0,0.013453242368996143
1766,0,0.013013512827455997
1767,0,0.013436255045235157
1768,0,0.013397814705967903
1769,0,0.015085930936038494
1770,0,0.010987315326929092
1771,0,0.012766210362315178
1772,0,0.01429520919919014
1773,0,0.014758246019482613
1774,0,0.013003390282392502
1775,0,0.014611735008656979
1776,0,0.012578782625496387
1777,0,0.012331691570580006
1778,0,0.012154409661889076
1779,0,0.015020462684333324
1780,0,0.013376068323850632
1781,0,0.014881441369652748
1782,0,0.014768039807677269
1783,0,0.014042475260794163
1784,0,0.014604330062866211
1785,0,0.01495996955782175
1786,0,0.012011367827653885
1787,0,0.01533182431012392
1788,0,0.0129294628277421
1789,0,0.010918094776570797
1790,0,0.010971796698868275
1791,0,0.013338263146579266
1792,0,0.012114929035305977
1793,0,0.011539282277226448
1794,0,0.012624209746718407
1795,0,0.010771415196359158
1796,0,0.01496308296918869
1797,0,0.013334895484149456
1798,0,0.013010048307478428
1799,0,0.01236532162874937
1800,0,0.01376169640570879
1801,0,0.01275158952921629
1802,0,0.015015736222267151
1803,0,0.012414098717272282
1804,0,0.011820654384791851
1805,0,0.0123286172747612
1806,0,0.01283756922930479
1807,0,0.014335326850414276
1808,0,0.013269791379570961
1809,0,0.012638828717172146
1810,0,0.013342107646167278
1811,0,0.012616380117833614
1812,0,0.01200397964566946
1813,0,0.014661104418337345
1814,0,0.014116734266281128
1815,0,0.013552267104387283
1816,0,0.01400034036487341
1817,0,0.012256665155291557
1818,0,0.013347283005714417
1819,0,0.012985656969249249
1820,0,0.01410369761288166
1821,0,0.011266503483057022
1822,0,0.011565940454602242
1823,0,0.01274071168154478
1824,0,0.011214176192879677
1825,0,0.01270198356360197
1826,0,0.010600211098790169
1827,0,0.013777036219835281
1828,0,0.012004674412310123
1829,0,0.014545202255249023
1830,0,0.014013269916176796
1831,0,0.014421762898564339
1832,0,0.014469441957771778
1833,0,0.01354864053428173
1834,0,0.012350229546427727
1835,0,0.01408594660460949
1836,0,0.012903065420687199
1837,0,0.01421739999204874
1838,0,0.013253648765385151
1839,0,0.012692266143858433
1840,0,0.013009446673095226
1841,0,0.01203514076769352
1842,0,0.013527476228773594
1843,0,0.01269347034394741
1844,0,0.01159679889678955
1845,0,0.011543981730937958
1846,0,0.013074718415737152
1847,0,0.014781947247684002
1848,0,0.01306668110191822
1849,0,0.012483060359954834
1850,0,0.013229400850832462
1851,0,0.012649660930037498
1852,0,0.01362780760973692
1853,0,0.012543960474431515
1854,0,0.013031446374952793
1855,0,0.011583583429455757
1856,0,0.016140641644597054
1857,0,0.013885759748518467
1858,0,0.011968478560447693
1859,0,0.01306223589926958
1860,0,0.014213424175977707
1861,0,0.011708229780197144
1862,0,0.011849633418023586
1863,0,0.013137430883944035
1864,0,0.011014343239367008
1865,0,0.011845803819596767
1866,0,0.012053330428898335
1867,0,0.015549869276583195
1868,0,0.012351765297353268
1869,0,0.011842703446745872
1870,0,0.012869021855294704
1871,0,0.015314108692109585
1872,0,0.01329659204930067
1873,0,0.01335345208644867
1874,0,0.014328718185424805
1875,0,0.015125768259167671
1876,0,0.012498430907726288
1877,0,0.01484769582748413
1878,0,0.013258635997772217
1879,0,0.01292430330067873
1880,0,0.012468871660530567
1881,0,0.013172120787203312
1882,0,0.013377360999584198
1883,0,0.015221507288515568
1884,0,0.01357259601354599
1885,0,0.013114907778799534
1886,0,0.013065236620604992
1887,0,0.01394371222704649
1888,0,0.01424666028469801
1889,0,0.012626911513507366
1890,0,0.013685963116586208
1891,0,0.014311935752630234
1892,0,0.011862721294164658
1893,0,0.01313900575041771
1894,0,0.011056407354772091
1895,0,0.012753654271364212
1896,0,0.013278050348162651
1897,0,0.014042336493730545
1898,0,0.015288286842405796
1899,0,0.012606125324964523
1900,0,0.012203630991280079
1901,0,0.015355442650616169
1902,0,0.014381878077983856
1903,0,0.012725651264190674
1904,0,0.011710109189152718
1905,0,0.015581140294671059
1906,0,0.012961873784661293
1907,0,0.012873144820332527
1908,0,0.012398354709148407
1909,0,0.0118654053658247
1910,0,0.012557529844343662
1911,0,0.012590516358613968
1912,0,0.015447999350726604
1913,0,0.015404480509459972
1914,0,0.011933999136090279
1915,0,0.01386218797415495
1916,0,0.01408434845507145
1917,0,0.013504949398338795
1918,0,0.013744180090725422
1919,0,0.01365604717284441
1920,0,0.01135101169347763
1921,0,0.01174597442150116
1922,0,0.013356958515942097
1923,0,0.01247467566281557
1924,0,0.012271908111870289
1925,0,0.013710014522075653
1926,0,0.012970875948667526
1927,0,0.014360389672219753
1928,0,0.012471129186451435
1929,0,0.015208439901471138
1930,0,0.009695185348391533
1931,0,0.01292029395699501
1932,0,0.01237876433879137
1933,0,0.014717460609972477
1934,0,0.013711740262806416
1935,0,0.01417032815515995
1936,0,0.013620694167912006
1937,0,0.013158581219613552
1938,0,0.012974696233868599
1939,0,0.011772029101848602
1940,0,0.01277754083275795
1941,0,0.015606068074703217
1942,0,0.012474949471652508
1943,0,0.013083849102258682
1944,0,0.013931939378380775
1945,0,0.01077879685908556
1946,0,0.01282381173223257
1947,0,0.012588362209498882
1948,0,0.011874906718730927
1949,0,0.013452799059450626
1950,0,0.01260345708578825
1951,0,0.011389038525521755
1952,0,0.012500273063778877
1953,0,0.011711232364177704
1954,0,0.012717172503471375
1955,0,0.012084800750017166
1956,0,0.014261195436120033
1957,0,0.011941799893975258
1958,0,0.012132038362324238
1959,0,0.012032744474709034
1960,0,0.013811086304485798
1961,0,0.012563463300466537
1962,0,0.013980052433907986
1963,0,0.011797492392361164
1964,0,0.012183601967990398
1965,0,0.012886686250567436
1966,0,0.014294215478003025
1967,0,0.01239961851388216
1968,0,0.013288753107190132
1969,0,0.01287482213228941
1970,0,0.009133703075349331
1971,0,0.01252216286957264
1972,0,0.013555340468883514
1973,0,0.014256338588893414
1974,0,0.011334395967423916
1975,0,0.012920551002025604
1976,0,0.013139700517058372
1977,0,0.013200508430600166
1978,0,0.013037938624620438
1979,0,0.012129866518080235
1980,0,0.012270326726138592
1981,0,0.01461414061486721
1982,0,0.012225629761815071
1983,0,0.010827509686350822
1984,0,0.014128602109849453
1985,0,0.012011338956654072
1986,0,0.012178119271993637
1987,0,0.011992177926003933
1988,0,0.012395286001265049
1989,0,0.012905722483992577
1990,0,0.013618264347314835
1991,0,0.011298592202365398
1992,0,0.010801749303936958
1993,0,0.011947393417358398
1994,0,0.010651368647813797
1995,0,0.00968604814261198
1996,0,0.010860323905944824
1997,0,0.01419877540320158
1998,0,0.012393380515277386
1999,0,0.011337595991790295
2000,0,0.012728895992040634
2001,0,0.014477323740720749
2002,0,0.01216076035052538
2003,0,0.014954997226595879
2004,0,0.010846833698451519
2005,0,0.012402747757732868
2006,0,0.013775388710200787
2007,0,0.012011502869427204
2008,0,0.01380868535488844
2009,0,0.01265811175107956
2010,0,0.01133883185684681
2011,0,0.011617648415267467
2012,0,0.01071443036198616
2013,0,0.012036454863846302
2014,0,0.011475222185254097
2015,0,0.012603502720594406
2016,0,0.011446847580373287
2017,0,0.012754824012517929
2018,0,0.01272408664226532
2019,0,0.011635982431471348
2020,0,0.013281594030559063
2021,0,0.012348875403404236
2022,0,0.01199662871658802
2023,0,0.011996333487331867
2024,0,0.012439136393368244
2025,0,0.011033296585083008
2026,0,0.014157827943563461
2027,0,0.01431832555681467
2028,0,0.010327426716685295
2029,0,0.013195887207984924
2030,0,0.01269620656967163
2031,0,0.011577960103750229
2032,0,0.013642443343997002
2033,0,0.012116901576519012
2034,0,0.011661765165627003
2035,0,0.012380043976008892
2036,0,0.011177239008247852
2037,0,0.01250570546835661
2038,0,0.010417397134006023
2039,0,0.011936376802623272
2040,0,0.010036331601440907
2041,0,0.012765416875481606
2042,0,0.011785407550632954
2043,0,0.01220429316163063
2044,0,0.011731394566595554
2045,0,0.014303955249488354
2046,0,0.011976182460784912
2047,0,0.010302020236849785
2048,0,0.012540866620838642
2049,0,0.011625870130956173
2050,0,0.011330222710967064
2051,0,0.01305636391043663
2052,0,0.01507829874753952
2053,0,0.011670543812215328
2054,0,0.011298717930912971
2055,0,0.010777503252029419
2056,0,0.011217448860406876
2057,0,0.01184001937508583
2058,0,0.011117778718471527
2059,0,0.011323374696075916
2060,0,0.01243598572909832
2061,0,0.011830863542854786
2062,0,0.010625517927110195
2063,0,0.010671722702682018
2064,0,0.011215968057513237
2065,0,0.012105793692171574
2066,0,0.010846220888197422
2067,0,0.010644790716469288
2068,0,0.012866033241152763
2069,0,0.012994885444641113
2070,0,0.01108741294592619
2071,0,0.010458356700837612
2072,0,0.011980775743722916
2073,0,0.012642515823245049
2074,0,0.011287328787147999
2075,0,0.01174737699329853
2076,0,0.01076671201735735
2077,0,0.011660339310765266
2078,0,0.01119269896298647
2079,0,0.010942990891635418
2080,0,0.011188632808625698
2081,0,0.010936614125967026
2082,0,0.011602711863815784
2083,0,0.010742002166807652
2084,0,0.009808466769754887
2085,0,0.010060256347060204
2086,0,0.010432073846459389
2087,0,0.013017331250011921
2088,0,0.011470319703221321
2089,0,0.012415317818522453
2090,0,0.011736037209630013
2091,0,0.012534172274172306
2092,0,0.012176834978163242
2093,0,0.010461700148880482
2094,0,0.010482887737452984
2095,0,0.012747228145599365
2096,0,0.010976298712193966
2097,0,0.010023453272879124
2098,0,0.010850626975297928
2099,0,0.010797951370477676
2100,0,0.010438358411192894
2101,0,0.013162660412490368
2102,0,0.010697300545871258
2103,0,0.011755602434277534
2104,0,0.013226928189396858
2105,0,0.01124630682170391
2106,0,0.010523862205445766
2107,0,0.010359644889831543
2108,0,0.010783967562019825
2109,0,0.011333619244396687
2110,0,0.013483096845448017
2111,0,0.011624840088188648
2112,0,0.01169195119291544
2113,0,0.01400052197277546
2114,0,0.009912079200148582
2115,0,0.010715865530073643
2116,0,0.011407079175114632
2117,0,0.01112993061542511
2118,0,0.011986972764134407
2119,0,0.010848232544958591
2120,0,0.010452799499034882
2121,0,0.012234300374984741
2122,0,0.010500850155949593
2123,0,0.010574204847216606
2124,0,0.01124138105660677
2125,0,0.010804517194628716
2126,0,0.012775874696671963
2127,0,0.012255077250301838
2128,0,0.011857936158776283
2129,0,0.010808691382408142
2130,0,0.009799866005778313
2131,0,0.011022001504898071
2132,0,0.010543568059802055
2133,0,0.010657664388418198
2134,0,0.010020527988672256
2135,0,0.01175717543810606
2136,0,0.011133408173918724
2137,0,0.011050489731132984
2138,0,0.009429000318050385
2139,0,0.011247598566114902
2140,0,0.01029561273753643
2141,0,0.01057399157434702
2142,0,0.010520393960177898
2143,0,0.01042698509991169
2144,0,0.009625185281038284
2145,0,0.009598275646567345
2146,0,0.011384365148842335
2147,0,0.012036765925586224
2148,0,0.01128757931292057
2149,0,0.01013266108930111
2150,0,0.009424496442079544
2151,0,0.00965532474219799
2152,0,0.011432702653110027
2153,0,0.012795120477676392
2154,0,0.01247184257954359
2155,0,0.00907860603183508
2156,0,0.010228767991065979
2157,0,0.009680253453552723
2158,0,0.01094710361212492
2159,0,0.010357527062296867
2160,0,0.009304565377533436
2161,0,0.012404250912368298
2162,0,0.012138307094573975
2163,0,0.012234881520271301
2164,0,0.009742454625666142
2165,0,0.010325517505407333
2166,0,0.01144535280764103
2167,0,0.011104817502200603
2168,0,0.01077811699360609
2169,0,0.011345784179866314
2170,0,0.010940355248749256
2171,0,0.011402185074985027
2172,0,0.01043091993778944
2173,0,0.009247615933418274
2174,0,0.013499981723725796
2175,0,0.011300744488835335
2176,0,0.010397822596132755
2177,0,0.009987043216824532
2178,0,0.009881127625703812
2179,0,0.00966457836329937
2180,0,0.011839775368571281
2181,0,0.010243328288197517
2182,0,0.010073521174490452
2183,0,0.011253273114562035
2184,0,0.00972354132682085
2185,0,0.009174048900604248
2186,0,0.010661606676876545
2187,0,0.0107969855889678
2188,0,0.010319030843675137
2189,0,0.011004243977367878
2190,0,0.010492020286619663
2191,0,0.010450043715536594
2192,0,0.009967382065951824
2193,0,0.009614924900233746
2194,0,0.01057353150099516
2195,0,0.010513064451515675
2196,0,0.010837065987288952
2197,0,0.010588298551738262
2198,0,0.010125085711479187
2199,0,0.01141272485256195
2200,0,0.00970451906323433
2201,0,0.010272365994751453
2202,0,0.010204827412962914
2203,0,0.011695553548634052
2204,0,0.011227961629629135
2205,0,0.01044489722698927
2206,0,0.010329660959541798
2207,0,0.010486304759979248
2208,0,0.01113156322389841
2209,0,0.011723869480192661
2210,0,0.0122730927541852
2211,0,0.013114182278513908
2212,0,0.011027256958186626
2213,0,0.010585092008113861
2214,0,0.00909176841378212
2215,0,0.010505163110792637
2216,0,0.010835640132427216
2217,0,0.011334485374391079
2218,0,0.011303207837045193
2219,0,0.012950682081282139
2220,0,0.009537061676383018
2221,0,0.011860830709338188
2222,0,0.009646926075220108
2223,0,0.011042487807571888
2224,0,0.009258326143026352
2225,0,0.011089080013334751
2226,0,0.009005078114569187
2227,0,0.010565940290689468
2228,0,0.009869461879134178
2229,0,0.010548456571996212
2230,0,0.009835965000092983
2231,0,0.010260029695928097
2232,0,0.009046328254044056
2233,0,0.01151534728705883
2234,0,0.011225447058677673
2235,0,0.011036903597414494
2236,0,0.010243505239486694
2237,0,0.011479579843580723
2238,0,0.00972530897706747
2239,0,0.009331143461167812
2240,0,0.011027180589735508
2241,0,0.009996646083891392
2242,0,0.011048508808016777
2243,0,0.008964394219219685
2244,0,0.009717787615954876
2245,0,0.009584212675690651
2246,0,0.009893755428493023
2247,0,0.00918955821543932
2248,0,0.010765580460429192
2249,0,0.009150363504886627
2250,0,0.010938300751149654
2251,0,0.009796434082090855
2252,0,0.01205453835427761
2253,0,0.011063167825341225
2254,0,0.012046443298459053
2255,0,0.009869001805782318
2256,0,0.011822176165878773
2257,0,0.008773285895586014
2258,0,0.00995722133666277
2259,0,0.009714668616652489
2260,0,0.010508362203836441
2261,0,0.00976563896983862
2262,0,0.01211064588278532
2263,0,0.00874252524226904
2264,0,0.009685358963906765
2265,0,0.011653662659227848
2266,0,0.010960831306874752
2267,0,0.008881308138370514
2268,0,0.009671684354543686
2269,0,0.009917507879436016
2270,0,0.011118779890239239
2271,0,0.009982693940401077
2272,0,0.010118515230715275
2273,0,0.010077342391014099
2274,0,0.009972235187888145
2275,0,0.010349704883992672
2276,0,0.009433746337890625
2277,0,0.010020068846642971
2278,0,0.009030967019498348
2279,0,0.00851482804864645
2280,0,0.008983254432678223
2281,0,0.011466785334050655
2282,0,0.010001914575695992
2283,0,0.009572961367666721
2284,0,0.009092740714550018
2285,0,0.009241406805813313
2286,0,0.01170889101922512
2287,0,0.009895754046738148
2288,0,0.009984900243580341
2289,0,0.011116117238998413
2290,0,0.010653371922671795
2291,0,0.010139279067516327
2292,0,0.008798748254776001
2293,0,0.009809475392103195
2294,0,0.008291664533317089
2295,0,0.010538773611187935
2296,0,0.010258052498102188
2297,0,0.00989545602351427
2298,0,0.012215466238558292
2299,0,0.011857403442263603
2300,0,0.010102426633238792
2301,0,0.008912752382457256
2302,0,0.008187275379896164
2303,0,0.010086778551340103
2304,0,0.011115455068647861
2305,0,0.009799118153750896
2306,0,0.008948368020355701
2307,0,0.01111601758748293
2308,0,0.009048898704349995
2309,0,0.009981325827538967
2310,0,0.010022284463047981
2311,0,0.009043499827384949
2312,0,0.01118121575564146
2313,0,0.009160684421658516
2314,0,0.01055086124688387
2315,0,0.007963781245052814
2316,0,0.009368130937218666
2317,0,0.010223325341939926
2318,0,0.010502217337489128
2319,0,0.010319783352315426
2320,0,0.012501070275902748
2321,0,0.009050858207046986
2322,0,0.009757676161825657
2323,0,0.009145660325884819
2324,0,0.009298660792410374
2325,0,0.009279711171984673
2326,0,0.010123061947524548
2327,0,0.009917806833982468
2328,0,0.009135191328823566
2329,0,0.009741759859025478
2330,0,0.009128850884735584
2331,0,0.009116888046264648
2332,0,0.009677543304860592
2333,0,0.009867280721664429
2334,0,0.009251167997717857
2335,0,0.010325327515602112
2336,0,0.009868115186691284
2337,0,0.008850467391312122
2338,0,0.0081981485709548
2339,0,0.008586868643760681
2340,0,0.009598865173757076
2341,0,0.010654492303729057
2342,0,0.009570671245455742
2343,0,0.008686288259923458
2344,0,0.010940694250166416
2345,0,0.008623178116977215
2346,0,0.010053873993456364
2347,0,0.011103780940175056
2348,0,0.00901862047612667
2349,0,0.008283901028335094
2350,0,0.011372261680662632
2351,0,0.011243091896176338
2352,0,0.008275001309812069
2353,0,0.01119375042617321
2354,0,0.007889625616371632
2355,0,0.011002225801348686
2356,0,0.009024787694215775
2357,0,0.009193058125674725
2358,0,0.008899379521608353
2359,0,0.009687828831374645
2360,0,0.009258258156478405
2361,0,0.00875180959701538
2362,0,0.009594540111720562
2363,0,0.009133719839155674
2364,0,0.010267329402267933
2365,0,0.009118511341512203
2366,0,0.008370998315513134
2367,0,0.010206121951341629
2368,0,0.008787658996880054
2369,0,0.00939999334514141
2370,0,0.008141469210386276
2371,0,0.009621964767575264
2372,0,0.008877964690327644
2373,0,0.009955638088285923
2374,0,0.00910636130720377
2375,0,0.008294617757201195
2376,0,0.011302558705210686
2377,0,0.00857714843004942
2378,0,0.010333363898098469
2379,0,0.00977992545813322
2380,0,0.008498726412653923
2381,0,0.01037114392966032
2382,0,0.009001126512885094
2383,0,0.0092636002227664
2384,0,0.00878871325403452
2385,0,0.008215194568037987
2386,0,0.008739100769162178
2387,0,0.00875192042440176
2388,0,0.006904440000653267
2389,0,0.009634609334170818
2390,0,0.008307885378599167
2391,0,0.00777084194123745
2392,0,0.008177545852959156
2393,0,0.009031582623720169
2394,0,0.007745330221951008
2395,0,0.010353345423936844
2396,0,0.00935428123921156
2397,0,0.0077637312933802605
2398,0,0.009386846795678139
2399,0,0.009414012543857098
2400,0,0.00938319694250822
2401,0,0.008536002598702908
2402,0,0.006581529043614864
2403,0,0.009026141837239265
2404,0,0.007046843413263559
2405,0,0.008210460655391216
2406,0,0.00826758798211813
2407,0,0.008911256678402424
2408,0,0.00926988385617733
2409,0,0.009031682275235653
2410,0,0.008664073422551155
2411,0,0.008019472472369671
2412,0,0.009079841896891594
2413,0,0.007993190549314022
2414,0,0.008504658937454224
2415,0,0.007893863134086132
2416,0,0.009677414782345295
2417,0,0.00744379498064518
2418,0,0.007313363254070282
2419,0,0.007904191501438618
2420,0,0.009399975650012493
2421,0,0.00792511086910963
2422,0,0.009154191240668297
2423,0,0.009947514161467552
2424,0,0.008581392467021942
2425,0,0.007407685741782188
2426,0,0.009272019378840923
2427,0,0.008695458993315697
2428,0,0.00938128586858511
2429,0,0.007024243474006653
2430,0,0.007540561258792877
2431,0,0.009090160019695759
2432,0,0.0067894551903009415
2433,0,0.00804231595247984
2434,0,0.008522647432982922
2435,0,0.008526516146957874
2436,0,0.008817560039460659
2437,0,0.009185723960399628
2438,0,0.00927015021443367
2439,0,0.009203927591443062
2440,0,0.009816973470151424
2441,0,0.00886011403053999
2442,0,0.009401949122548103
2443,0,0.0066467211581766605
2444,0,0.00899668037891388
2445,0,0.009146112948656082
2446,0,0.0075013116002082825
2447,0,0.008662641048431396
2448,0,0.00747780641540885
2449,0,0.008835786022245884
2450,0,0.008699498139321804
2451,0,0.0076308902353048325
2452,0,0.008765957318246365
2453,0,0.007878819480538368
2454,0,0.008597742766141891
2455,0,0.008801227435469627
2456,0,0.008858727291226387
2457,0,0.009616605937480927
2458,0,0.007816351018846035
2459,0,0.00854429416358471
2460,0,0.007739947643131018
2461,0,0.006910531781613827
2462,0,0.009620295837521553
2463,0,0.007088066078722477
2464,0,0.009497667662799358
2465,0,0.006620996631681919
2466,0,0.008121386170387268
2467,0,0.007308123633265495
2468,0,0.00937653612345457
2469,0,0.009057587012648582
2470,0,0.008426300249993801
2471,0,0.009243713691830635
2472,0,0.009246503934264183
2473,0,0.007554424926638603
2474,0,0.007395828142762184
2475,0,0.008627516217529774
2476,0,0.00786866620182991
2477,0,0.008516715839505196
2478,0,0.008500495925545692
2479,0,0.008754434064030647
2480,0,0.007111405022442341
2481,0,0.0071923742070794106
2482,0,0.007563750725239515
2483,0,0.007855587638914585
2484,0,0.008267723023891449
2485,0,0.007906493730843067
2486,0,0.007745075039565563
2487,0,0.00809964258223772
2488,0,0.008505641482770443
2489,0,0.008461717516183853
2490,0,0.008119582198560238
2491,0,0.007196574006229639
2492,0,0.007322211284190416
2493,0,0.008663756772875786
2494,0,0.0063555799424648285
2495,0,0.008081150241196156
2496,0,0.008301298134028912
2497,0,0.00731282914057374
2498,0,0.007026319392025471
2499,0,0.00872023869305849
2500,0,0.007829601876437664
2501,0,0.006434034556150436
2502,0,0.008707950823009014
2503,0,0.007837021723389626
2504,0,0.00801520049571991
2505,0,0.007301050238311291
2506,0,0.007077792659401894
2507,0,0.006976349279284477
2508,0,0.0062990207225084305
2509,0,0.008766763843595982
2510,0,0.007611274719238281
2511,0,0.008147276006639004
2512,0,0.009128710255026817
2513,0,0.00871364213526249
2514,0,0.008692066185176373
2515,0,0.007755312602967024
2516,0,0.008221451193094254
2517,0,0.007466089446097612
2518,0,0.007611613720655441
2519,0,0.006960580125451088
2520,0,0.007794631645083427
2521,0,0.007456822786480188
2522,0,0.007687788922339678
2523,0,0.007294291164726019
2524,0,0.008100852370262146
2525,0,0.009632372297346592
2526,0,0.007563293911516666
2527,0,0.007869155146181583
2528,0,0.008844318799674511
2529,0,0.008548674173653126
2530,0,0.006968311034142971
2531,0,0.007013894151896238
2532,0,0.0071905432268977165
2533,0,0.00739167770370841
2534,0,0.007489637937396765
2535,0,0.007075236178934574
2536,0,0.007601783145219088
2537,0,0.008269577287137508
2538,0,0.007364858407527208
2539,0,0.006965877953916788
2540,0,0.007734545506536961
2541,0,0.0078002759255468845
2542,0,0.007508178241550922
2543,0,0.006718256510794163
2544,0,0.008156627416610718
2545,0,0.007364861201494932
2546,0,0.007391569670289755
2547,0,0.007946871221065521
2548,0,0.006049695424735546
2549,0,0.007480560336261988
2550,0,0.008112244307994843
2551,0,0.007240830454975367
2552,0,0.00804955419152975
2553,0,0.007783234119415283
2554,0,0.007842272520065308
2555,0,0.00818696990609169
2556,0,0.00827754009515047
2557,0,0.006265393458306789
2558,0,0.00669269310310483
2559,0,0.008237150497734547
2560,0,0.008038618601858616
2561,0,0.006500254850834608
2562,0,0.007852306589484215
2563,0,0.00836935080587864
2564,0,0.006502408999949694
2565,0,0.00788644514977932
2566,0,0.0062697883695364
2567,0,0.007612463086843491
2568,0,0.009105725213885307
2569,0,0.007668917998671532
2570,0,0.006552143022418022
2571,0,0.007436180021613836
2572,0,0.00680391164496541
2573,0,0.006454348564147949
2574,0,0.007345119025558233
2575,0,0.007186605129390955
2576,0,0.0067527638748288155
2577,0,0.008791740983724594
2578,0,0.007054221350699663
2579,0,0.006594801787286997
2580,0,0.007266195025295019
2581,0,0.007421155460178852
2582,0,0.006488421466201544
2583,0,0.007315138354897499
2584,0,0.0074671185575425625
2585,0,0.00588280288502574
2586,0,0.006003836169838905
2587,0,0.008025649935007095
2588,0,0.0073004793375730515
2589,0,0.007288194727152586
2590,0,0.00717955594882369
2591,0,0.006949244998395443
2592,0,0.007132452446967363
2593,0,0.006798968184739351
2594,0,0.00647145276889205
2595,0,0.0072343843057751656
2596,0,0.006708791013807058
2597,0,0.007382339797914028
2598,0,0.006406549829989672
2599,0,0.007074697874486446
2600,0,0.00761990575119853
2601,0,0.006434011738747358
2602,0,0.006407259963452816
2603,0,0.007480400148779154
2604,0,0.007222255226224661
2605,0,0.007387504447251558
2606,0,0.007661867421120405
2607,0,0.007814353331923485
2608,0,0.007964019663631916
2609,0,0.006317447405308485
2610,0,0.008169353008270264
2611,0,0.005869133397936821
2612,0,0.0072971610352396965
2613,0,0.00834954995661974
2614,0,0.007011381909251213
2615,0,0.006119119469076395
2616,0,0.007375236600637436
2617,0,0.007456254679709673
2618,0,0.007677956018596888
2619,0,0.006453848909586668
2620,0,0.006117065902799368
2621,0,0.007502030115574598
2622,0,0.006873740814626217
2623,0,0.007076936308294535
2624,0,0.0075465920381248
2625,0,0.005812743678689003
2626,0,0.007619994692504406
2627,0,0.007066037505865097
2628,0,0.006048251874744892
2629,0,0.008144018240272999
2630,0,0.008048688061535358
2631,0,0.0073178838938474655
2632,0,0.0071176993660628796
2633,0,0.007050076499581337
2634,0,0.007210055366158485
2635,0,0.007277349010109901
2636,0,0.006159578450024128
2637,0,0.00613035773858428
2638,0,0.008109958842396736
2639,0,0.008597652427852154
2640,0,0.006914075464010239
2641,0,0.006471454165875912
2642,0,0.007475414779037237
2643,0,0.006544381380081177
2644,0,0.007294859737157822
2645,0,0.006787504535168409
2646,0,0.008118907921016216
2647,0,0.0078377490863204
2648,0,0.006375268567353487
2649,0,0.006365795154124498
2650,0,0.0057984041050076485
2651,0,0.006401767488569021
2652,0,0.007650040090084076
2653,0,0.006714755203574896
2654,0,0.006631338968873024
2655,0,0.00640886090695858
2656,0,0.006820123177021742
2657,0,0.006348662078380585
2658,0,0.007292081136256456
2659,0,0.006913164630532265
2660,0,0.00807216763496399
2661,0,0.006896615028381348
2662,0,0.006042588036507368
2663,0,0.006264545954763889
2664,0,0.006441973149776459
2665,0,0.006440924946218729
2666,0,0.006646769121289253
2667,0,0.007267347536981106
2668,0,0.005948476493358612
2669,0,0.007000306621193886
2670,0,0.006142278667539358
2671,0,0.0065778158605098724
2672,0,0.0075481547974050045
2673,0,0.006222165655344725
2674,0,0.007376336958259344
2675,0,0.006704200524836779
2676,0,0.007059080060571432
2677,0,0.006236625369638205
2678,0,0.006603711284697056
2679,0,0.006833042949438095
2680,0,0.00664053438231349
2681,0,0.005063870456069708
2682,0,0.007259848993271589
2683,0,0.006063080858439207
2684,0,0.006271711550652981
2685,0,0.006315053440630436
2686,0,0.007070864085108042
2687,0,0.006766415201127529
2688,0,0.006385551765561104
2689,0,0.007441106718033552
2690,0,0.008884310722351074
2691,0,0.008168702945113182
2692,0,0.0064935809932649136
2693,0,0.00884345080703497
2694,0,0.006555966567248106
2695,0,0.007032289169728756
2696,0,0.006127741187810898
2697,0,0.006308271083980799
2698,0,0.006431000307202339
2699,0,0.006375176832079887
2700,0,0.006800232455134392
2701,0,0.005951123312115669
2702,0,0.006788267754018307
2703,0,0.007514047436416149
2704,0,0.006847308948636055
2705,0,0.007854402996599674
2706,0,0.00616380013525486
2707,0,0.007548184134066105
2708,0,0.00677226297557354
2709,0,0.007056428585201502
2710,0,0.007502687629312277
2711,0,0.0074700904078781605
2712,0,0.007637155707925558
2713,0,0.007016355637460947
2714,0,0.006185418460518122
2715,0,0.00746035436168313
2716,0,0.006834877654910088
2717,0,0.007242280058562756
2718,0,0.007180748973041773
2719,0,0.007621494587510824
2720,0,0.005595261696726084
2721,0,0.007395146880298853
2722,0,0.006651534698903561
2723,0,0.007134413346648216
2724,0,0.006339794956147671
2725,0,0.0071675702929496765
2726,0,0.005827485583722591
2727,0,0.00700108939781785
2728,0,0.00740003352984786
2729,0,0.006936459802091122
2730,0,0.008011500351130962
2731,0,0.005417517386376858
2732,0,0.006911712698638439
2733,0,0.006788171827793121
2734,0,0.0064620040357112885
2735,0,0.008636306039988995
2736,0,0.0066164275631308556
2737,0,0.008353328332304955
2738,0,0.006843969225883484
2739,0,0.006392159499228001
2740,0,0.007211273070424795
2741,0,0.006218929309397936
2742,0,0.0055965096689760685
2743,0,0.007835954427719116
2744,0,0.006533629726618528
2745,0,0.006319613195955753
2746,0,0.0081142233684659
2747,0,0.006393786519765854
2748,0,0.007375816348940134
2749,0,0.007211626041680574
2750,0,0.007351352833211422
2751,0,0.005637960974127054
2752,0,0.006054946221411228
2753,0,0.007968088611960411
2754,0,0.005927678197622299
2755,0,0.006355217657983303
2756,0,0.005756812170147896
2757,0,0.007248062174767256
2758,0,0.007459542714059353
2759,0,0.006351510062813759
2760,0,0.0062521533109247684
2761,0,0.006985665298998356
2762,0,0.006362534128129482
2763,0,0.005518760532140732
2764,0,0.006517211440950632
2765,0,0.006783848628401756
2766,0,0.006680614780634642
2767,0,0.005918769631534815
2768,0,0.0064985440112650394
2769,0,0.007189061027020216
2770,0,0.006419818848371506
2771,0,0.007389536127448082
2772,0,0.0068176123313605785
2773,0,0.006961984559893608
2774,0,0.005463056266307831
2775,0,0.0059532830491662025
2776,0,0.006454764865338802
2777,0,0.006299118977040052
2778,0,0.005716451443731785
2779,0,0.006170305889099836
2780,0,0.006210619118064642
2781,0,0.006005731876939535
2782,0,0.005547638516873121
2783,0,0.006182226352393627
2784,0,0.006331929937005043
2785,0,0.007029121741652489
2786,0,0.00618589436635375
2787,0,0.0057748002000153065
2788,0,0.0069378456100821495
2789,0,0.005842817481607199
2790,0,0.007556097116321325
2791,0,0.007571774069219828
2792,0,0.005678226705640554
2793,0,0.006159068085253239
2794,0,0.007264468353241682
2795,0,0.006780529860407114
2796,0,0.006118203047662973
2797,0,0.007041976321488619
2798,0,0.007891785353422165
2799,0,0.006238966248929501
2800,0,0.006502662785351276
2801,0,0.005760110914707184
2802,0,0.006731550674885511
2803,0,0.00637894868850708
2804,0,0.006469024810940027
2805,0,0.005867867264896631
2806,0,0.007302138488739729
2807,0,0.006186081562191248
2808,0,0.007126183249056339
2809,0,0.006301612127572298
2810,0,0.007543935440480709
2811,0,0.007431715726852417
2812,0,0.0061537837609648705
2813,0,0.004460311494767666
2814,0,0.007326942402869463
2815,0,0.006816437002271414
2816,0,0.006016716361045837
2817,0,0.007118958048522472
2818,0,0.00642602052539587
2819,0,0.007465118542313576
2820,0,0.0064734504558146
2821,0,0.006538241170346737
2822,0,0.007999994792044163
2823,0,0.006261346396058798
2824,0,0.006157119292765856
2825,0,0.00552755082026124
2826,0,0.0062334793619811535
2827,0,0.006447652354836464
2828,0,0.005938543006777763
2829,0,0.00465705431997776
2830,0,0.007436653133481741
2831,0,0.006353393662720919
2832,0,0.007720200810581446
2833,0,0.005764502100646496
2834,0,0.006279250141233206
2835,0,0.005930144805461168
2836,0,0.006585733965039253
2837,0,0.005833399016410112
2838,0,0.007601989898830652
2839,0,0.006006683688610792
2840,0,0.0068406048230826855
2841,0,0.006455541122704744
2842,0,0.006792976520955563
2843,0,0.006497649010270834
2844,0,0.005861285142600536
2845,0,0.006339730694890022
2846,0,0.006910029333084822
2847,0,0.007005149032920599
2848,0,0.0069377850741147995
2849,0,0.00806322693824768
2850,0,0.0066124009899795055
2851,0,0.005799485836178064
2852,0,0.005702176131308079
2853,0,0.005601021461188793
2854,0,0.006320790387690067
2855,0,0.005922426003962755
2856,0,0.007040156051516533
2857,0,0.0065037524327635765
2858,0,0.006575033999979496
2859,0,0.0061336965300142765
2860,0,0.005839433521032333
2861,0,0.007430596277117729
2862,0,0.005787243135273457
2863,0,0.0071123456582427025
2864,0,0.00639937911182642
2865,0,0.006001158617436886
2866,0,0.007046591490507126
2867,0,0.005805817898362875
2868,0,0.006679096724838018
2869,0,0.005988727789372206
2870,0,0.006646075285971165
2871,0,0.006357836537063122
2872,0,0.007371645886451006
2873,0,0.006444757804274559
2874,0,0.0060533760115504265
2875,0,0.005632543005049229
2876,0,0.007445814553648233
2877,0,0.006696157157421112
2878,0,0.006146799307316542
2879,0,0.00626811059191823
2880,0,0.00525655597448349
2881,0,0.006121544633060694
2882,0,0.007946101948618889
2883,0,0.0059239971451461315
2884,0,0.0055916463024914265
2885,0,0.007668100297451019
2886,0,0.006759022828191519
2887,0,0.006217372138053179
2888,0,0.006913595832884312
2889,0,0.0076623656786978245
2890,0,0.00686891283839941
2891,0,0.005628013983368874
2892,0,0.006579659879207611
2893,0,0.006810077466070652
2894,0,0.00674063665792346
2895,0,0.006776582915335894
2896,0,0.005717678926885128
2897,0,0.006729947868734598
2898,0,0.006858539301902056
2899,0,0.006612032651901245
2900,0,0.006200801115483046
2901,0,0.0068353996612131596
2902,0,0.006371689960360527
2903,0,0.005692588165402412
2904,0,0.006963655818253756
2905,0,0.0076029179617762566
2906,0,0.0062669855542480946
2907,0,0.006389279384166002
2908,0,0.006240738555788994
2909,0,0.006134987808763981
2910,0,0.0066491770558059216
2911,0,0.006340130232274532
2912,0,0.006086872890591621
2913,0,0.006652515381574631
2914,0,0.006752035580575466
2915,0,0.006322184577584267
2916,0,0.0076588597148656845
2917,0,0.004434587433934212
2918,0,0.00575305987149477
2919,0,0.0052999695762991905
2920,0,0.006845550611615181
2921,0,0.0062009422108531
2922,0,0.0067610470578074455
2923,0,0.005823987536132336
2924,0,0.006311860401183367
2925,0,0.0069523402489721775
2926,0,0.005895617883652449
2927,0,0.007569378241896629
2928,0,0.007464381400495768
2929,0,0.0054422602988779545
2930,0,0.007496110629290342
2931,0,0.0069766901433467865
2932,0,0.0061069331131875515
2933,0,0.007140737492591143
2934,0,0.005732035730034113
2935,0,0.007052064407616854
2936,0,0.0054801166988909245
2937,0,0.005955600645393133
2938,0,0.005558845121413469
2939,0,0.006039424333721399
2940,0,0.006964017171412706
2941,0,0.006076929625123739
2942,0,0.006795365829020739
2943,0,0.006015390157699585
2944,0,0.005896543152630329
2945,0,0.007377553265541792
2946,0,0.0060523152351379395
2947,0,0.007262480910867453
2948,0,0.00620811153203249
2949,0,0.005292789079248905
2950,0,0.006956071592867374
2951,0,0.006466785445809364
2952,0,0.006673160474747419
2953,0,0.005598996765911579
2954,0,0.006158903241157532
2955,0,0.006113401614129543
2956,0,0.0062776957638561726
2957,0,0.005677125416696072
2958,0,0.005318316165357828
2959,0,0.005606865976005793
2960,0,0.007000974379479885
2961,0,0.00631060590967536
2962,0,0.006564709823578596
2963,0,0.005569627042859793
2964,0,0.0068452260456979275
2965,0,0.005187558941543102
2966,0,0.00703065749257803
2967,0,0.007107101380825043
2968,0,0.006150429602712393
2969,0,0.004799473099410534
2970,0,0.005434141028672457
2971,0,0.006062146741896868
2972,0,0.005785449407994747
2973,0,0.005667973775416613
2974,0,0.0065667349845170975
2975,0,0.00569644570350647
2976,0,0.005708562210202217
2977,0,0.006788904312998056
2978,0,0.006275646388530731
2979,0,0.005895951297134161
2980,0,0.006537227425724268
2981,0,0.006284147500991821
2982,0,0.005380508955568075
2983,0,0.006014632992446423
2984,0,0.005919545888900757
2985,0,0.006966513115912676
2986,0,0.00699621019884944
2987,0,0.005403106566518545
2988,0,0.00557134160771966
2989,0,0.005423130467534065
2990,0,0.006217382848262787
2991,0,0.00608268566429615
2992,0,0.006792194675654173
2993,0,0.005480819381773472
2994,0,0.005595637951046228
2995,0,0.005871308967471123
2996,0,0.006173543632030487
2997,0,0.006622567772865295
2998,0,0.006755250971764326
2999,0,0.006587587296962738
3000,0,0.006691473536193371
3001,0,0.006537162698805332
3002,0,0.006493712309747934
3003,0,0.00667604198679328
3004,0,0.005632561165839434
3005,0,0.005559051875025034
3006,0,0.00543406093493104
3007,0,0.005356987006962299
3008,0,0.007034009322524071
3009,0,0.006100744474679232
3010,0,0.007340757641941309
3011,0,0.006518044974654913
3012,0,0.006681341212242842
3013,0,0.005877750925719738
3014,0,0.006121160928159952
3015,0,0.005565271247178316
3016,0,0.007793365512043238
3017,0,0.006080311257392168
3018,0,0.0062354994006454945
3019,0,0.006489253602921963
3020,0,0.006131801288574934
3021,0,0.005559819284826517
3022,0,0.006649754010140896
3023,0,0.006516791880130768
3024,0,0.006626832764595747
3025,0,0.0060106865130364895
3026,0,0.0056761098094284534
3027,0,0.006902859080582857
3028,0,0.0059867980889976025
3029,0,0.0062094200402498245
3030,0,0.005855959374457598
3031,0,0.006391542032361031
3032,0,0.006089719478040934
3033,0,0.005652616266161203
3034,0,0.006050548981875181
3035,0,0.005873000714927912
3036,0,0.006133446469902992
3037,0,0.005403151270002127
3038,0,0.00536726089194417
3039,0,0.005809093359857798
3040,0,0.006780578289180994
3041,0,0.005816906690597534
3042,0,0.00647276034578681
3043,0,0.006450674496591091
3044,0,0.005866925697773695
3045,0,0.0061017731204628944
3046,0,0.006728523876518011
3047,0,0.00571947917342186
3048,0,0.005017263814806938
3049,0,0.005417943466454744
3050,0,0.0048286947421729565
3051,0,0.00696600042283535
3052,0,0.0066947899758815765
3053,0,0.004900654312223196
3054,0,0.005579247139394283
3055,0,0.005071109626442194
3056,0,0.006314189173281193
3057,0,0.006182068958878517
3058,0,0.005481950473040342
3059,0,0.006024912465363741
3060,0,0.005674905143678188
3061,0,0.006842886097729206
3062,0,0.006556827109307051
3063,0,0.006690701469779015
3064,0,0.0060831885784864426
3065,0,0.005565729457885027
3066,0,0.006357246544212103
3067,0,0.007482980377972126
3068,0,0.006563360337167978
3069,0,0.0062560574151575565
3070,0,0.005509521812200546
3071,0,0.006173562724143267
3072,0,0.0062233577482402325
3073,0,0.005774513352662325
3074,0,0.005637359339743853
3075,0,0.00653321947902441
3076,0,0.0068076178431510925
3077,0,0.006243437994271517
3078,0,0.006571217440068722
3079,0,0.0053421854972839355
3080,0,0.005781431216746569
3081,0,0.005697148386389017
3082,0,0.0053376671858131886
3083,0,0.006203505210578442
3084,0,0.005818616133183241
3085,0,0.005620528478175402
3086,0,0.0048263841308653355
3087,0,0.005814944393932819
3088,0,0.006039786152541637
3089,0,0.005268611945211887
3090,0,0.005599820055067539
3091,0,0.0061034210957586765
3092,0,0.0066599794663488865
3093,0,0.006665216758847237
3094,0,0.005520553328096867
3095,0,0.006223620846867561
3096,0,0.006013983860611916
3097,0,0.007184013724327087
3098,0,0.0065445625223219395
3099,0,0.00646754028275609
3100,0,0.006392975803464651
3101,0,0.005952865816652775
3102,0,0.0058405399322509766
3103,0,0.00607938040047884
3104,0,0.005237482488155365
3105,0,0.005510388407856226
3106,0,0.0056940591894090176
3107,0,0.006777518894523382
3108,0,0.005457061808556318
3109,0,0.005463451147079468
3110,0,0.005301867611706257
3111,0,0.0058987620286643505
3112,0,0.0059852758422493935
3113,0,0.0074376934207975864
3114,0,0.007031437009572983
3115,0,0.005510438699275255
3116,0,0.005680802743881941
3117,0,0.005255675874650478
3118,0,0.005212497431784868
3119,0,0.0056106713600456715
3120,0,0.00592459412291646
3121,0,0.006502317730337381
3122,0,0.005244287196546793
3123,0,0.007620200980454683
3124,0,0.006524504162371159
3125,0,0.005165833048522472
3126,0,0.0050458600744605064
3127,0,0.00621623732149601
3128,0,0.00507701700553298
3129,0,0.005348574835807085
3130,0,0.007727717515081167
3131,0,0.005077647976577282
3132,0,0.006352289579808712
3133,0,0.005373257212340832
3134,0,0.005978351924568415
3135,0,0.006900557782500982
3136,0,0.005593863781541586
3137,0,0.0058837346732616425
3138,0,0.00599408894777298
3139,0,0.005811619572341442
3140,0,0.005612535402178764
3141,0,0.006318220868706703
3142,0,0.0065584443509578705
3143,0,0.005994435865432024
3144,0,0.005492833908647299
3145,0,0.005333049222826958
3146,0,0.006431167479604483
3147,0,0.005840950645506382
3148,0,0.005606210324913263
3149,0,0.005189651623368263
3150,0,0.006483172066509724
3151,0,0.006189939100295305
3152,0,0.006269143894314766
3153,0,0.006348821334540844
3154,0,0.005084292963147163
3155,0,0.006525915581732988
3156,0,0.006450233515352011
3157,0,0.006127788685262203
3158,0,0.006015060003846884
3159,0,0.006633455399423838
3160,0,0.005470292642712593
3161,0,0.005729031283408403
3162,0,0.0056626987643539906
3163,0,0.006127974949777126
3164,0,0.00637245737016201
3165,0,0.006088131573051214
3166,0,0.006115124095231295
3167,0,0.005651638377457857
3168,0,0.007010329980403185
3169,0,0.005510028451681137
3170,0,0.005683267489075661
3171,0,0.006149834953248501
3172,0,0.006058786530047655
3173,0,0.006885130424052477
3174,0,0.005457867868244648
3175,0,0.0056459056213498116
3176,0,0.006926506757736206
3177,0,0.005412793252617121
3178,0,0.006378857884556055
3179,0,0.00589560903608799
3180,0,0.0056927804835140705
3181,0,0.005740085616707802
3182,0,0.005415167659521103
3183,0,0.005437579471617937
3184,0,0.005909489467740059
3185,0,0.006497619207948446
3186,0,0.00587890949100256
3187,0,0.006109862122684717
3188,0,0.005949446931481361
3189,0,0.0060088443569839
3190,0,0.006158157251775265
3191,0,0.006958540063351393
3192,0,0.005917208269238472
3193,0,0.006234160624444485
3194,0,0.0065940748900175095
3195,0,0.00603210274130106
3196,0,0.006088243797421455
3197,0,0.00642672274261713
3198,0,0.006735942326486111
3199,0,0.00582887465134263
3200,0,0.006284432951360941
3201,0,0.005160580854862928
3202,0,0.005521346814930439
3203,0,0.005953472573310137
3204,0,0.0055605084635317326
3205,0,0.006465724669396877
3206,0,0.005073160864412785
3207,0,0.005972747225314379
3208,0,0.006294991821050644
3209,0,0.00574174989014864
3210,0,0.0053928266279399395
3211,0,0.005594808142632246
3212,0,0.004838668741285801
3213,0,0.005318453069776297
3214,0,0.005977414082735777
3215,0,0.0057239411398768425
3216,0,0.005317347589880228
3217,0,0.0057494184002280235
3218,0,0.005140138324350119
3219,0,0.006496663670986891
3220,0,0.006369223818182945
3221,0,0.005304431077092886
3222,0,0.005271731875836849
3223,0,0.005751566030085087
3224,0,0.006005630362778902
3225,0,0.006221157032996416
3226,0,0.00587501609697938
3227,0,0.005645225290209055
3228,0,0.00567586999386549
3229,0,0.005715786013752222
3230,0,0.0063353292644023895
3231,0,0.005159457679837942
3232,0,0.005872019566595554
3233,0,0.006896644830703735
3234,0,0.006131751462817192
3235,0,0.006327013019472361
3236,0,0.005879323463886976
3237,0,0.006477335002273321
3238,0,0.0060132090002298355
3239,0,0.005306017119437456
3240,0,0.005705842282623053
3241,0,0.006748631596565247
3242,0,0.005870151333510876
3243,0,0.006336204707622528
3244,0,0.0050367568619549274
3245,0,0.0055183772929012775
3246,0,0.005805158521980047
3247,0,0.0061309062875807285
3248,0,0.005288110114634037
3249,0,0.00554638123139739
3250,0,0.006041369400918484
3251,0,0.005880686454474926
3252,0,0.005054609850049019
3253,0,0.006159392651170492
3254,0,0.006450297776609659
3255,0,0.005423714406788349
3256,0,0.005255016498267651
3257,0,0.0062529598362743855
3258,0,0.0065055000595748425
3259,0,0.0062501393258571625
3260,0,0.005268455017358065
3261,0,0.00550007214769721
3262,0,0.004585494752973318
3263,0,0.0061002676375210285
3264,0,0.0067563531920313835
3265,0,0.005609756801277399
3266,0,0.005886368453502655
3267,0,0.006524119060486555
3268,0,0.005320106633007526
3269,0,0.006332821678370237
3270,0,0.005472586024552584
3271,0,0.004542617127299309
3272,0,0.00607724953442812
3273,0,0.006789436563849449
3274,0,0.005248380824923515
3275,0,0.005316691938787699
3276,0,0.005540198180824518
3277,0,0.006097979377955198
3278,0,0.005826146341860294
3279,0,0.005831369198858738
3280,0,0.005749490112066269
3281,0,0.006863264832645655
3282,0,0.00578375905752182
3283,0,0.005436399485915899
3284,0,0.005456551909446716
3285,0,0.005839528515934944
3286,0,0.0058081746101379395
3287,0,0.0055330609902739525
3288,0,0.004959980957210064
3289,0,0.006881111301481724
3290,0,0.004758328665047884
3291,0,0.004999156109988689
3292,0,0.0059560309164226055
3293,0,0.005952507257461548
3294,0,0.006097880657762289
3295,0,0.005641121882945299
3296,0,0.006130433175712824
3297,0,0.00614611292257905
3298,0,0.005541186314076185
3299,0,0.0058670067228376865
3300,0,0.005228316877037287
3301,0,0.005742186214774847
3302,0,0.005907247308641672
3303,0,0.005468931049108505
3304,0,0.005240960046648979
3305,0,0.005597545299679041
3306,0,0.005077478010207415
3307,0,0.006649830378592014
3308,0,0.006553293205797672
3309,0,0.006146710831671953
3310,0,0.007254986558109522
3311,0,0.005813869182020426
3312,0,0.005780740175396204
3313,0,0.005547425709664822
3314,0,0.005771662574261427
3315,0,0.006595251616090536
3316,0,0.006289311684668064
3317,0,0.007444482762366533
3318,0,0.005179271567612886
3319,0,0.005429008509963751
3320,0,0.0052384305745363235
3321,0,0.005690768826752901
3322,0,0.005357850808650255
3323,0,0.005867342930287123
3324,0,0.004615514539182186
3325,0,0.0077305743470788
3326,0,0.0063234418630599976
3327,0,0.005851715803146362
3328,0,0.006273337639868259
3329,0,0.005751582328230143
3330,0,0.006206309888511896
3331,0,0.006291891913861036
3332,0,0.0051824054680764675
3333,0,0.006035539787262678
3334,0,0.005991499405354261
3335,0,0.004798980429768562
3336,0,0.006431181449443102
3337,0,0.007400016766041517
3338,0,0.005841604433953762
3339,0,0.005447415169328451
3340,0,0.004722109995782375
3341,0,0.006195524241775274
3342,0,0.006121925078332424
3343,0,0.005672212224453688
3344,0,0.005679159425199032
3345,0,0.00623003114014864
3346,0,0.0060547529719769955
3347,0,0.00588772539049387
3348,0,0.0065009016543626785
3349,0,0.006298698019236326
3350,0,0.005901759956032038
3351,0,0.005125563126057386
3352,0,0.007631930056959391
3353,0,0.00583164906129241
3354,0,0.006925435736775398
3355,0,0.005956513807177544
3356,0,0.005511563271284103
3357,0,0.006032093428075314
3358,0,0.005879928823560476
3359,0,0.00623645493760705
3360,0,0.006156831979751587
3361,0,0.006432218477129936
3362,0,0.005381075199693441
3363,0,0.0072401720099151134
3364,0,0.005689280107617378
3365,0,0.006755176465958357
3366,0,0.0064054010435938835
3367,0,0.006246362812817097
3368,0,0.00583548191934824
3369,0,0.00650379154831171
3370,0,0.006346151698380709
3371,0,0.006240850780159235
3372,0,0.005532651208341122
3373,0,0.006958572659641504
3374,0,0.007501685526221991
3375,0,0.005926300305873156
3376,0,0.005179492756724358
3377,0,0.0070074163377285
3378,0,0.005750794894993305
3379,0,0.006562450900673866
3380,0,0.005752775352448225
3381,0,0.0056896088644862175
3382,0,0.005198477301746607
3383,0,0.005195797421038151
3384,0,0.0047866893000900745
3385,0,0.0064014228992164135
3386,0,0.0062624323181807995
3387,0,0.0055462694726884365
3388,0,0.005418953951448202
3389,0,0.006421040277928114
3390,0,0.00558744790032506
3391,0,0.005283440928906202
3392,0,0.005636550486087799
3393,0,0.005360033828765154
3394,0,0.005985579453408718
3395,0,0.005586259067058563
3396,0,0.005414842627942562
3397,0,0.005413385573774576
3398,0,0.004691155161708593
3399,0,0.005200388375669718
3400,0,0.0051884460262954235
3401,0,0.00476466678082943
3402,0,0.006760360673069954
3403,0,0.005563764367252588
3404,0,0.005162212532013655
3405,0,0.006086462642997503
3406,0,0.006065403576940298
3407,0,0.005092136561870575
3408,0,0.006577438674867153
3409,0,0.0058257547207176685
3410,0,0.004930809605866671
3411,0,0.005337534938007593
3412,0,0.006012520287185907
3413,0,0.006079820916056633
3414,0,0.006463981699198484
3415,0,0.007723398506641388
3416,0,0.006135387811809778
3417,0,0.005351129453629255
3418,0,0.006080126855522394
3419,0,0.0054360926151275635
3420,0,0.005093136802315712
3421,0,0.0070237754844129086
3422,0,0.005922038573771715
